t,id,class,x,y,radius,vx,vy,d_i,rel_v,TTC,h_EE
1780837941.715841770,0,child_like,6.000000000,0.000000000,0.401636660,-0.000000000,-0.000000000,6.002213000,0.000000000,-1.000000000,5.200576340
1780837941.765606165,0,child_like,6.000000000,0.000000000,0.401636660,-0.000000000,-0.000000000,6.002264388,0.000000000,-1.000000000,5.200627728
1780837941.815296412,0,child_like,6.000000000,0.000000000,0.401636660,-0.000000000,-0.000000000,6.002140685,0.000000000,-1.000000000,5.200504025
1780837941.865183592,0,child_like,6.000000000,0.000000000,0.401636660,-0.000000000,-0.000000000,6.002171058,0.000000000,-1.000000000,5.200534397
1780837941.915579081,0,child_like,6.000000000,0.000000000,0.401636660,-0.000000000,-0.000000000,6.002263512,0.000000000,-1.000000000,5.200626852
1780837941.965563297,0,child_like,6.000000000,0.000000000,0.401636660,-0.000000000,-0.000000000,6.002217617,0.000000000,-1.000000000,5.200580957
1780837942.015348434,0,child_like,6.000000000,0.000000000,0.401636660,-0.000000000,-0.000000000,6.002091282,0.000000000,-1.000000000,5.200454622
1780837942.065430164,0,child_like,6.000000000,0.000000000,0.401636660,-0.000000000,-0.000000000,6.002129372,0.000000000,-1.000000000,5.200492712
1780837942.115820885,0,child_like,6.000000000,0.000000000,0.401636660,-0.000000000,-0.000000000,6.002117557,0.000000000,-1.000000000,5.200480897
1780837942.165721178,0,child_like,6.000000000,0.000000000,0.401636660,-0.000000000,-0.000000000,6.002077122,0.000000000,-1.000000000,5.200440462
1780837942.215664864,0,child_like,6.000000000,0.000000000,0.401636660,-0.000000000,-0.000000000,6.002056604,0.000000000,-1.000000000,5.200419944
1780837942.265721321,0,child_like,6.000000000,0.000000000,0.401636660,-0.000000000,-0.000000000,6.002058189,0.000000000,-1.000000000,5.200421529
1780837942.315942764,0,child_like,6.000000000,0.000000000,0.401636660,-0.000000000,-0.000000000,6.002010174,0.000000000,-1.000000000,5.200373514
1780837942.365724325,0,child_like,6.000000000,0.000000000,0.401636660,-0.000000000,-0.000000000,6.002209269,0.000000000,-1.000000000,5.200572609
1780837942.415564060,0,child_like,6.000000000,0.000000000,0.401636660,-0.000000000,-0.000000000,6.002033081,0.000000000,-1.000000000,5.200396421
1780837942.465687037,0,child_like,6.000000000,0.000000000,0.401636660,-0.000000000,-0.000000000,6.002093173,0.000000000,-1.000000000,5.200456513
1780837942.515139341,0,child_like,6.000000000,0.000000000,0.401636660,-0.000000000,-0.000000000,6.002264420,0.000000000,-1.000000000,5.200627760
1780837942.564940691,0,child_like,6.000000000,0.000000000,0.401636660,-0.000000000,-0.000000000,6.002173333,0.000000000,-1.000000000,5.200536673
1780837942.615262032,0,child_like,6.000000000,0.000000000,0.401636660,-0.000000000,-0.000000000,6.002173777,0.000000000,-1.000000000,5.200537117
1780837942.665174246,0,child_like,6.000000000,0.000000000,0.401636660,-0.000000000,-0.000000000,6.002075625,0.000000000,-1.000000000,5.200438965
1780837942.715966463,0,child_like,6.000000000,0.000000000,0.401636660,-0.000000000,-0.000000000,6.002216864,0.000000000,-1.000000000,5.200580204
1780837942.765742540,0,child_like,6.000000000,0.000000000,0.401636660,-0.000000000,-0.000000000,6.002306417,0.000000000,-1.000000000,5.200669757
1780837942.815862894,0,child_like,6.000000000,0.000000000,0.401636660,-0.000000000,-0.000000000,6.002302038,0.000000000,-1.000000000,5.200665378
1780837942.865676641,0,child_like,6.000000000,0.000000000,0.401636660,-0.000000000,-0.000000000,6.002321555,0.000000000,-1.000000000,5.200684895
1780837942.915986061,0,child_like,6.000000000,0.000000000,0.401636660,-0.000000000,-0.000000000,6.002226235,0.000000000,-1.000000000,5.200589574
1780837942.965547323,0,child_like,6.000000000,0.000000000,0.401636660,-0.000000000,-0.000000000,6.002183288,0.000000000,-1.000000000,5.200546627
1780837943.015549660,0,child_like,6.000000000,0.000000000,0.401636660,-0.000000000,-0.000000000,6.002130442,0.000000000,-1.000000000,5.200493782
1780837943.065580845,0,child_like,6.000000000,0.000000000,0.401636660,-0.000000000,-0.000000000,6.002029020,0.000000000,-1.000000000,5.200392360
1780837943.115594864,0,child_like,6.000000000,0.000000000,0.401636660,-0.000000000,-0.000000000,6.002046702,0.000000000,-1.000000000,5.200410042
1780837943.165224552,0,child_like,6.000000000,0.000000000,0.401636660,-0.000000000,-0.000000000,6.001962476,0.000000000,-1.000000000,5.200325815
1780837943.215867996,0,child_like,6.000000000,0.000000000,0.401636660,-0.000000000,-0.000000000,6.001965266,0.000000000,-1.000000000,5.200328606
1780837943.265425920,0,child_like,6.000000000,0.000000000,0.401636660,-0.000000000,-0.000000000,6.002055126,0.000000000,-1.000000000,5.200418465
1780837943.315725803,0,child_like,6.000000000,0.000000000,0.401636660,-0.000000000,-0.000000000,6.002108872,0.000000000,-1.000000000,5.200472212
1780837943.384792566,0,child_like,6.000000000,0.000000000,0.401636660,-0.000000000,-0.000000000,6.002044645,0.000000000,-1.000000000,5.200407985
1780837943.415550470,0,child_like,6.000000000,0.000000000,0.401636660,-0.000000000,-0.000000000,6.002033462,0.000000000,-1.000000000,5.200396802
1780837943.465721130,0,child_like,6.000000000,0.000000000,0.401636660,-0.000000000,-0.000000000,6.002151159,0.000000000,-1.000000000,5.200514499
1780837943.515215397,0,child_like,6.000000000,0.000000000,0.401636660,-0.000000000,-0.000000000,6.002201289,0.000000000,-1.000000000,5.200564629
1780837943.565499306,0,child_like,6.000000000,0.000000000,0.401636660,-0.000000000,-0.000000000,5.928902514,1.222878060,4.853009461,4.882936809
1780837943.615492582,0,child_like,6.000000000,0.000000000,0.401636660,-0.000000000,-0.000000000,5.880138302,1.222878060,4.821537715,4.834619102
1780837943.665454149,0,child_like,6.000000000,0.000000000,0.401636660,-0.000000000,-0.000000000,5.811893344,1.139856825,5.130660772,4.783758946
1780837943.715245247,0,child_like,6.000000000,0.000000000,0.401636660,-0.000000000,-0.000000000,5.766628805,1.139856825,5.106899284,4.739242765
1780837943.765587091,0,child_like,6.000000000,0.000000000,0.401636660,-0.000000000,-0.000000000,5.706955912,1.004866683,5.757312947,4.707167233
1780837943.815364599,0,child_like,6.000000000,0.000000000,0.401636660,-0.000000000,-0.000000000,5.667354163,1.004866683,5.736208320,4.668241117
1780837943.865551949,0,child_like,6.000000000,0.000000000,0.401636660,-0.000000000,-0.000000000,5.600092391,1.141354142,5.010192496,4.575106176
1780837943.915362120,0,child_like,6.000000000,0.000000000,0.401636660,-0.000000000,-0.000000000,5.555387746,1.141354142,4.984733778,4.531082386
1780837943.964956522,0,child_like,6.000000000,0.000000000,0.401636660,-0.000000000,-0.000000000,5.496029464,1.014072043,5.568630585,4.497205062
1780837944.015008688,0,child_like,6.000000000,0.000000000,0.401636660,-0.000000000,-0.000000000,5.456530972,1.014072043,5.541489874,4.458184068
1780837944.065622330,0,child_like,6.000000000,0.000000000,0.401636660,-0.000000000,-0.000000000,5.390431916,1.135603784,4.896704363,4.368930384
1780837944.115225554,0,child_like,6.000000000,0.000000000,0.401636660,-0.000000000,-0.000000000,5.346558896,1.135603784,4.862484519,4.325326004
1780837944.165409327,0,child_like,6.000000000,0.000000000,0.401636660,-0.000000000,-0.000000000,5.276950211,1.196597177,4.533389630,4.242814735
1780837944.215275049,0,child_like,6.000000000,0.000000000,0.401636660,-0.000000000,-0.000000000,5.230239876,1.196597177,4.480154115,4.195394431
1780837944.265602112,0,child_like,6.000000000,0.000000000,0.401636660,-0.000000000,-0.000000000,5.168175344,1.058251900,4.987425347,4.159476310
1780837944.315594435,0,child_like,6.000000000,0.000000000,0.401636660,-0.000000000,-0.000000000,5.126767729,1.058251900,4.936137781,4.117574595
1780837944.365706444,0,child_like,6.000000000,0.000000000,0.401636660,-0.000000000,-0.000000000,5.055991983,1.201144283,4.278279353,4.018190457
1780837944.415189505,0,child_like,6.000000000,0.000000000,0.401636660,-0.000000000,-0.000000000,5.008745409,1.201144283,4.231654292,3.970556188
1780837944.465569735,0,child_like,6.000000000,0.000000000,0.401636660,-0.000000000,-0.000000000,4.945617061,1.066195352,4.700217925,3.933663500
1780837944.515391827,0,child_like,6.000000000,0.000000000,0.401636660,-0.000000000,-0.000000000,4.903611001,1.066195352,4.655876060,3.891449816
1780837944.565178394,0,child_like,6.000000000,0.000000000,0.401636660,-0.000000000,-0.000000000,4.832768644,1.192871204,4.098567894,3.795446544
1780837944.615347862,0,child_like,6.000000000,0.000000000,0.401636660,-0.000000000,-0.000000000,4.785624512,1.192871204,4.056782690,3.748193622
1780837944.665173292,0,child_like,6.000000000,0.000000000,0.401636660,-0.000000000,-0.000000000,4.707656494,1.313686265,3.627757424,3.646672453
1780837944.715326309,0,child_like,6.000000000,0.000000000,0.401636660,-0.000000000,-0.000000000,4.655701621,1.313686265,3.590598979,3.594940125
1780837944.765261650,0,child_like,6.000000000,0.000000000,0.401636660,-0.000000000,-0.000000000,4.586956276,1.163215525,4.000349851,3.556167593
1780837944.815084696,0,child_like,6.000000000,0.000000000,0.401636660,-0.000000000,-0.000000000,4.541016511,1.163215525,3.963883174,3.510448920
1780837944.865650892,0,child_like,6.000000000,0.000000000,0.401636660,-0.000000000,-0.000000000,4.464149997,1.298443111,3.497221353,3.407485039
1780837944.915036678,0,child_like,6.000000000,0.000000000,0.401636660,-0.000000000,-0.000000000,4.413246485,1.298443111,3.461738605,3.356928814
1780837944.981629133,0,child_like,6.000000000,0.000000000,0.401636660,-0.000000000,-0.000000000,4.322928922,1.150085127,3.836738295,3.296207955
1780837945.015109062,0,child_like,6.000000000,0.000000000,0.401636660,-0.000000000,-0.000000000,4.298028330,1.271826415,3.451919610,3.247701269
1780837945.065407515,0,child_like,6.000000000,0.000000000,0.401636660,-0.000000000,-0.000000000,4.223445112,1.271826415,3.399513266,3.173707574
1780837945.115294456,0,child_like,6.000000000,0.000000000,0.401636660,-0.000000000,-0.000000000,4.173732744,1.271826415,3.364783267,3.124414779
1780837945.165205717,0,child_like,6.000000000,0.000000000,0.401636660,-0.000000000,-0.000000000,4.102422218,1.220887672,3.445478524,3.063029045
1780837945.215114832,0,child_like,6.000000000,0.000000000,0.401636660,-0.000000000,-0.000000000,4.054865922,1.220887672,3.405669858,3.015487265
1780837945.265423536,0,child_like,6.000000000,0.000000000,0.401636660,-0.000000000,-0.000000000,3.992018550,1.073129713,3.813964483,2.981341319
1780837945.315357685,0,child_like,6.000000000,0.000000000,0.401636660,-0.000000000,-0.000000000,3.950188190,1.073129713,3.773644230,2.939493442
1780837945.365497828,0,child_like,6.000000000,0.000000000,0.401636660,-0.000000000,-0.000000000,3.878939673,1.218843975,3.263632030,2.839996843
1780837945.415346622,0,child_like,6.000000000,0.000000000,0.401636660,-0.000000000,-0.000000000,3.831334634,1.218843975,3.224344640,2.792457325
1780837945.465700626,0,child_like,6.000000000,0.000000000,0.401636660,-0.000000000,-0.000000000,3.768025269,1.080985493,3.577174217,2.756049686
1780837945.515357018,0,child_like,6.000000000,0.000000000,0.401636660,-0.000000000,-0.000000000,3.726013930,1.080985493,3.538445973,2.714115202
1780837945.565683365,0,child_like,6.000000000,0.000000000,0.401636660,-0.000000000,-0.000000000,3.650436231,1.295427413,2.898477221,2.597454225
1780837945.615192652,0,child_like,6.000000000,0.000000000,0.401636660,-0.000000000,-0.000000000,3.600010575,1.295427413,2.862353101,2.547407006
1780837945.665596008,0,child_like,6.000000000,0.000000000,0.401636660,-0.000000000,-0.000000000,3.533043321,1.151781628,3.165646622,2.508684698
1780837945.715219259,0,child_like,6.000000000,0.000000000,0.401636660,-0.000000000,-0.000000000,3.488263280,1.151781628,3.129799742,2.464237150
1780837945.765497923,0,child_like,6.000000000,0.000000000,0.401636660,-0.000000000,-0.000000000,3.413394150,1.289729417,2.742930941,2.363596252
1780837945.815148115,0,child_like,6.000000000,0.000000000,0.401636660,-0.000000000,-0.000000000,3.363557402,1.289729417,2.708421659,2.314320549
1780837945.865334511,0,child_like,6.000000000,0.000000000,0.401636660,-0.000000000,-0.000000000,3.297669818,1.142670115,3.005318120,2.277238078
1780837945.915201426,0,child_like,6.000000000,0.000000000,0.401636660,-0.000000000,-0.000000000,3.253900748,1.142670115,2.971099536,2.233927510
1780837945.965365171,0,child_like,6.000000000,0.000000000,0.401636660,-0.000000000,-0.000000000,3.181000000,1.266498804,2.630711893,2.138493129
1780837946.015201330,0,child_like,6.000000000,0.000000000,0.401636660,-0.000000000,-0.000000000,3.132527869,1.266498804,2.597767954,2.090757435
1780837946.065736771,0,child_like,6.000000000,0.000000000,0.401636660,-0.000000000,-0.000000000,3.063736643,1.204815111,2.676839200,2.034191904
1780837946.115439177,0,child_like,6.000000000,0.000000000,0.401636660,-0.000000000,-0.000000000,3.017969454,1.204815111,2.641091448,1.988838559
1780837946.165608883,0,child_like,6.000000000,0.000000000,0.401636660,-0.000000000,-0.000000000,2.941888074,1.340897028,2.321467433,1.888229187
1780837946.215377569,0,child_like,6.000000000,0.000000000,0.401636660,-0.000000000,-0.000000000,2.891153117,1.340897028,2.287252925,1.838228194
1780837946.279495239,0,child_like,6.000000000,0.000000000,0.401636660,-0.000000000,-0.000000000,2.823910982,1.188034452,2.530714478,1.800381775
1780837946.315402269,0,child_like,6.000000000,0.000000000,0.401636660,-0.000000000,-0.000000000,2.782138482,1.038932293,2.857933242,1.786823925
1780837946.365510464,0,child_like,6.000000000,0.000000000,0.401636660,-0.000000000,-0.000000000,2.723776156,1.038932293,2.807892120,1.729224802
1780837946.415235758,0,child_like,6.000000000,0.000000000,0.401636660,-0.000000000,-0.000000000,2.685104123,1.038932293,2.774917005,1.691088779
1780837946.465497017,0,child_like,6.000000000,0.000000000,0.401636660,-0.000000000,-0.000000000,2.614923085,1.259566720,2.252867421,1.583152085
1780837946.515206337,0,child_like,6.000000000,0.000000000,0.401636660,-0.000000000,-0.000000000,2.568482928,1.259566720,2.230145246,1.538727588
1780837946.565445185,0,child_like,6.000000000,0.000000000,0.401636660,-0.000000000,-0.000000000,2.507304215,1.120843862,2.473542433,1.504922539
1780837946.615247726,0,child_like,6.000000000,0.000000000,0.401636660,-0.000000000,-0.000000000,2.466983026,1.120843862,2.453139697,1.466379015
1780837946.665457249,0,child_like,6.000000000,0.000000000,0.401636660,-0.000000000,-0.000000000,2.399229605,1.266054498,2.140280381,1.376577052
1780837946.715748072,0,child_like,6.000000000,0.000000000,0.401636660,-0.000000000,-0.000000000,2.354635758,1.266054498,2.120760970,1.334412152
1780837946.765519381,0,child_like,6.000000000,0.000000000,0.401636660,-0.000000000,-0.000000000,2.295833403,1.122873442,2.361389967,1.302750681
1780837946.815309286,0,child_like,6.000000000,0.000000000,0.401636660,-0.000000000,-0.000000000,2.257051986,1.122873442,2.342891410,1.265964469
1780837946.865419149,0,child_like,6.000000000,0.000000000,0.401636660,-0.000000000,-0.000000000,2.190974028,1.290647834,2.001917951,1.175190199
1780837946.915399790,0,child_like,6.000000000,0.000000000,0.401636660,-0.000000000,-0.000000000,2.147382979,1.290647834,1.978953097,1.133776815
1780837946.965583324,0,child_like,6.000000000,0.000000000,0.401636660,-0.000000000,-0.000000000,2.089908020,1.144913481,2.196942790,1.102283879
1780837947.015322685,0,child_like,6.000000000,0.000000000,0.401636660,-0.000000000,-0.000000000,2.052061358,1.144913481,2.175632619,1.066299479
1780837947.065459251,0,child_like,6.000000000,0.000000000,0.401636660,-0.000000000,-0.000000000,1.989046152,1.283377722,1.915451827,0.986099254
1780837947.115420580,0,child_like,6.000000000,0.000000000,0.401636660,-0.000000000,-0.000000000,1.947707357,1.283377722,1.900490829,0.947936860
1780837947.165537834,0,child_like,6.000000000,0.000000000,0.401636660,-0.000000000,-0.000000000,1.893915107,1.136577690,2.127882737,0.920082712
1780837947.215273142,0,child_like,6.000000000,0.000000000,0.401636660,-0.000000000,-0.000000000,1.858550060,1.136577690,2.117954359,0.887598011
1780837947.265419960,0,child_like,6.000000000,0.000000000,0.401636660,-0.000000000,-0.000000000,1.800815460,1.261274827,1.903679060,0.818599399
1780837947.315709591,0,child_like,6.000000000,0.000000000,0.401636660,-0.000000000,-0.000000000,1.763333130,1.261274827,1.904603395,0.785801455
1780837947.365319729,0,child_like,6.000000000,0.000000000,0.401636660,-0.000000000,-0.000000000,1.714850626,1.115896874,2.159048674,0.762238440
1780837947.415364504,0,child_like,6.000000000,0.000000000,0.401636660,-0.000000000,-0.000000000,1.683419619,1.115896874,2.168115585,0.734878372
1780837947.465581417,0,child_like,6.000000000,0.000000000,0.401636660,-0.000000000,-0.000000000,1.631989228,1.255157878,1.959545946,0.675770190
1780837947.515616655,0,child_like,6.000000000,0.000000000,0.401636660,-0.000000000,-0.000000000,1.599263748,1.255157878,1.989926956,0.649756847
1780837947.565557241,0,child_like,6.000000000,0.000000000,0.401636660,-0.000000000,-0.000000000,1.557652671,1.110650152,2.299190145,0.631371680
1780837947.615664721,0,child_like,6.000000000,0.000000000,0.401636660,-0.000000000,-0.000000000,1.530984814,1.110650152,2.342300232,0.610092981
1780837947.665719986,0,child_like,6.000000000,0.000000000,0.401636660,-0.000000000,-0.000000000,1.488155758,1.252555830,2.166397891,0.565280328
1780837947.715279341,0,child_like,6.000000000,0.000000000,0.401636660,-0.000000000,-0.000000000,1.461422527,1.252555830,2.244975399,0.546685231
1780837947.765616179,0,child_like,6.000000000,0.000000000,0.401636660,-0.000000000,-0.000000000,1.428033898,1.106046542,2.646323685,0.532518795
1780837947.815298319,0,child_like,6.000000000,0.000000000,0.401636660,-0.000000000,-0.000000000,1.406953373,1.106046542,2.733036258,0.516974098
1780837947.865741968,0,child_like,6.000000000,0.000000000,0.401636660,-0.000000000,-0.000000000,1.374941525,1.201395979,2.690046988,0.489523005
1780837947.915362835,0,child_like,6.000000000,0.000000000,0.401636660,-0.000000000,-0.000000000,1.355171161,1.201395979,2.840023833,0.477255334
1780837947.965946674,0,child_like,6.000000000,0.000000000,0.401636660,-0.000000000,-0.000000000,1.329146071,1.142574791,3.103151080,0.459762433
1780837948.015342474,0,child_like,6.000000000,0.000000000,0.401636660,-0.000000000,-0.000000000,1.312508200,1.142574791,3.198037303,0.447134730
1780837948.065762520,0,child_like,6.000000000,0.000000000,0.401636660,-0.000000000,-0.000000000,1.286359393,1.261622396,2.959504073,0.420958851
1780837948.115536451,0,child_like,6.000000000,0.000000000,0.401636660,-0.000000000,-0.000000000,1.269427906,1.261622396,3.013402783,0.407168891
1780837948.165562630,0,child_like,6.000000000,0.000000000,0.401636660,-0.000000000,-0.000000000,1.247936270,1.118896259,3.523660211,0.394454851
1780837948.215478897,0,child_like,6.000000000,0.000000000,0.401636660,-0.000000000,-0.000000000,1.234349005,1.118896259,3.626453345,0.383959684
1780837948.265227556,0,child_like,6.000000000,0.000000000,0.401636660,-0.000000000,-0.000000000,1.217281203,0.980291089,4.385237795,0.375245746
1780837948.315017700,0,child_like,6.000000000,0.000000000,0.401636660,-0.000000000,-0.000000000,1.206577520,0.980291089,4.582070317,0.367627604
1780837948.365516663,0,child_like,6.000000000,0.000000000,0.401636660,-0.000000000,-0.000000000,1.189993750,1.103997146,4.370565451,0.353887250
1780837948.415293932,0,child_like,6.000000000,0.000000000,0.401636660,-0.000000000,-0.000000000,1.179774535,1.103997146,4.620181198,0.347326795
1780837948.465581656,0,child_like,6.000000000,0.000000000,0.401636660,-0.000000000,-0.000000000,1.163180887,1.281627551,4.335764960,0.335847943
1780837948.515243292,0,child_like,6.000000000,0.000000000,0.401636660,-0.000000000,-0.000000000,1.153059216,1.281627551,4.633761523,0.329945426
1780837948.565585613,0,child_like,6.000000000,0.000000000,0.401636660,-0.000000000,-0.000000000,1.140998585,1.142155814,5.976178552,0.323939085
1780837948.615437746,0,child_like,6.000000000,0.000000000,0.401636660,-0.000000000,-0.000000000,1.133823277,1.142155814,6.679812346,0.321196588
1780837948.665398121,0,child_like,6.000000000,0.000000000,0.401636660,-0.000000000,-0.000000000,1.124298602,1.279922953,8.074071033,0.323953365
1780837948.715295553,0,child_like,6.000000000,0.000000000,0.401636660,-0.000000000,-0.000000000,1.119968233,1.136374895,12.082021166,0.322843504
1780837948.765524387,0,child_like,6.000000000,0.000000000,0.401636660,-0.000000000,-0.000000000,1.116071131,1.136374895,24.605916227,0.328416284
1780837948.815530062,0,child_like,6.000000000,0.000000000,0.401636660,-0.000000000,-0.000000000,1.115032933,1.136374895,82.681533881,0.333677164
1780837948.865406036,0,child_like,6.000000000,0.000000000,0.401636660,-0.000000000,-0.000000000,1.116252967,1.263018263,-1.000000000,0.352634397
1780837948.915339231,0,child_like,6.000000000,0.000000000,0.401636660,-0.000000000,-0.000000000,1.119230192,1.263018263,-1.000000000,0.363896515
1780837948.965232849,0,child_like,6.000000000,0.000000000,0.401636660,-0.000000000,-0.000000000,1.126010977,1.119701444,-1.000000000,0.373040373
1780837949.015363216,0,child_like,6.000000000,0.000000000,0.401636660,-0.000000000,-0.000000000,1.132341706,1.119701444,-1.000000000,0.386022277
1780837949.065479755,0,child_like,6.000000000,0.000000000,0.401636660,-0.000000000,-0.000000000,1.146529816,1.253622754,-1.000000000,0.425427710
1780837949.115403891,0,child_like,6.000000000,0.000000000,0.401636660,-0.000000000,-0.000000000,1.157914422,1.110797834,-1.000000000,0.433999265
1780837949.165564060,0,child_like,6.000000000,0.000000000,0.401636660,-0.000000000,-0.000000000,1.177591118,1.110797834,-1.000000000,0.465434122
1780837949.215734482,0,child_like,6.000000000,0.000000000,0.401636660,-0.000000000,-0.000000000,1.192881985,1.110797834,-1.000000000,0.488132884
1780837949.265427113,0,child_like,6.000000000,0.000000000,0.401636660,-0.000000000,-0.000000000,1.222303337,1.254452509,-1.000000000,0.544997646
1780837949.315333366,0,child_like,6.000000000,0.000000000,0.401636660,-0.000000000,-0.000000000,1.244159968,1.254452509,-1.000000000,0.574742460
1780837949.365601778,0,child_like,6.000000000,0.000000000,0.401636660,-0.000000000,-0.000000000,1.275911103,1.112166401,-1.000000000,0.598437654
1780837949.415451288,0,child_like,6.000000000,0.000000000,0.401636660,-0.000000000,-0.000000000,1.298701664,1.112166401,-1.000000000,0.626571715
1780837949.465457678,0,child_like,6.000000000,0.000000000,0.401636660,-0.000000000,-0.000000000,1.340978806,1.285425500,-1.000000000,0.699895228
1780837949.515293837,0,child_like,6.000000000,0.000000000,0.401636660,-0.000000000,-0.000000000,1.370779463,1.285425500,-1.000000000,0.735126732
1780837949.565489769,0,child_like,6.000000000,0.000000000,0.401636660,-0.000000000,-0.000000000,1.412345714,1.140557228,-1.000000000,0.762649816
1780837949.615494251,0,child_like,6.000000000,0.000000000,0.401636660,-0.000000000,-0.000000000,1.441181155,1.140557228,-1.000000000,0.795146392
1780837949.665722370,0,child_like,6.000000000,0.000000000,0.401636660,-0.000000000,-0.000000000,1.491278279,1.277165736,-1.000000000,0.871208714
1780837949.715345383,0,child_like,6.000000000,0.000000000,0.401636660,-0.000000000,-0.000000000,1.525997404,1.277165736,-1.000000000,0.909694909
1780837949.765397072,0,child_like,6.000000000,0.000000000,0.401636660,-0.000000000,-0.000000000,1.573255131,1.131523020,-1.000000000,0.939090459
1780837949.815582275,0,child_like,6.000000000,0.000000000,0.401636660,-0.000000000,-0.000000000,1.607323044,1.253321739,-1.000000000,0.994908412
1780837949.865495205,0,child_like,6.000000000,0.000000000,0.401636660,-0.000000000,-0.000000000,1.662267372,1.253321739,-1.000000000,1.054082438
1780837949.915255308,0,child_like,6.000000000,0.000000000,0.401636660,-0.000000000,-0.000000000,1.699781040,1.253321739,-1.000000000,1.094185677
1780837949.965425730,0,child_like,6.000000000,0.000000000,0.401636660,-0.000000000,-0.000000000,1.750257791,1.107266020,-1.000000000,1.124046334
1780837950.015708208,0,child_like,6.000000000,0.000000000,0.401636660,-0.000000000,-0.000000000,1.784466460,1.107266020,-1.000000000,1.160052821
1780837950.065391302,0,child_like,6.000000000,0.000000000,0.401636660,-0.000000000,-0.000000000,1.843570092,1.254631088,-1.000000000,1.247024804
1780837950.115597963,0,child_like,6.000000000,0.000000000,0.401636660,-0.000000000,-0.000000000,1.883582595,1.254631088,-1.000000000,1.289261193
1780837950.165950775,0,child_like,6.000000000,0.000000000,0.401636660,-0.000000000,-0.000000000,1.937796141,1.112516735,-1.000000000,1.322014900
1780837950.215363264,0,child_like,6.000000000,0.000000000,0.401636660,-0.000000000,-0.000000000,1.974516411,1.112516735,-1.000000000,1.360296579
1780837950.265614986,0,child_like,6.000000000,0.000000000,0.401636660,-0.000000000,-0.000000000,2.036863470,1.250971107,-1.000000000,1.448968049
1780837950.315594912,0,child_like,6.000000000,0.000000000,0.401636660,-0.000000000,-0.000000000,2.078907272,1.250971107,-1.000000000,1.492593646
1780837950.365699291,0,child_like,6.000000000,0.000000000,0.401636660,-0.000000000,-0.000000000,2.135525654,1.108645617,-1.000000000,1.526086948
1780837950.415678501,0,child_like,6.000000000,0.000000000,0.401636660,-0.000000000,-0.000000000,2.173539754,1.108645617,-1.000000000,1.565177247
1780837950.471113205,0,child_like,6.000000000,0.000000000,0.401636660,-0.000000000,-0.000000000,2.237402176,1.231239235,-1.000000000,1.652393402
1780837950.515515804,0,child_like,6.000000000,0.000000000,0.401636660,-0.000000000,-0.000000000,2.280196386,1.231239235,-1.000000000,1.696235444
1780837950.565378189,0,child_like,6.000000000,0.000000000,0.401636660,-0.000000000,-0.000000000,2.337348195,1.090586361,-1.000000000,1.729411137
1780837950.615778208,0,child_like,6.000000000,0.000000000,0.401636660,-0.000000000,-0.000000000,2.375848844,1.090586361,-1.000000000,1.768644228
1780837950.665548801,0,child_like,6.000000000,0.000000000,0.401636660,-0.000000000,-0.000000000,2.440736253,1.221689474,-1.000000000,1.858302081
1780837950.715208292,0,child_like,6.000000000,0.000000000,0.401636660,-0.000000000,-0.000000000,2.484140895,1.221689474,-1.000000000,1.902418312
1780837950.765562534,0,child_like,6.000000000,0.000000000,0.401636660,-0.000000000,-0.000000000,2.542011020,1.082324314,-1.000000000,1.935799079
1780837950.815248728,0,child_like,6.000000000,0.000000000,0.401636660,-0.000000000,-0.000000000,2.580766617,1.082324314,-1.000000000,1.975062938
1780837950.865670204,0,child_like,6.000000000,0.000000000,0.401636660,-0.000000000,-0.000000000,2.646715035,1.221566611,-1.000000000,2.067167563
1780837950.915729046,0,child_like,6.000000000,0.000000000,0.401636660,-0.000000000,-0.000000000,2.690856845,1.221566611,-1.000000000,2.111769945
1780837950.965621471,0,child_like,6.000000000,0.000000000,0.401636660,-0.000000000,-0.000000000,2.749648868,1.082998185,-1.000000000,2.145680575
1780837951.015498638,0,child_like,6.000000000,0.000000000,0.401636660,-0.000000000,-0.000000000,2.789103690,1.082998185,-1.000000000,2.185473684
1780837951.065736532,0,child_like,6.000000000,0.000000000,0.401636660,-0.000000000,-0.000000000,2.857808064,1.257216615,-1.000000000,2.287147823
1780837951.115370512,0,child_like,6.000000000,0.000000000,0.401636660,-0.000000000,-0.000000000,2.901126730,1.115654131,-1.000000000,2.304782344
1780837951.165583611,0,child_like,6.000000000,0.000000000,0.401636660,-0.000000000,-0.000000000,2.962528411,1.115654131,-1.000000000,2.366842889
1780837951.215755701,0,child_like,6.000000000,0.000000000,0.401636660,-0.000000000,-0.000000000,3.003496638,1.115654131,-1.000000000,2.408232644
1780837951.265630245,0,child_like,6.000000000,0.000000000,0.401636660,-0.000000000,-0.000000000,3.072265372,1.245098692,-1.000000000,2.501626722
1780837951.315406084,0,child_like,6.000000000,0.000000000,0.401636660,-0.000000000,-0.000000000,3.118140446,1.245098692,-1.000000000,2.547836922
1780837951.365648270,0,child_like,6.000000000,0.000000000,0.401636660,-0.000000000,-0.000000000,3.179198999,1.103161782,-1.000000000,2.582787445
1780837951.415554285,0,child_like,6.000000000,0.000000000,0.401636660,-0.000000000,-0.000000000,3.220158924,1.103161782,-1.000000000,2.623994548
1780837951.465658426,0,child_like,6.000000000,0.000000000,0.401636660,-0.000000000,-0.000000000,3.273917673,0.965394504,-1.000000000,2.652278717
1780837951.515706778,0,child_like,6.000000000,0.000000000,0.401636660,-0.000000000,-0.000000000,3.309685820,0.965394504,-1.000000000,2.688232424
1780837951.565573931,0,child_like,6.000000000,0.000000000,0.401636660,-0.000000000,-0.000000000,3.372521748,1.123580060,-1.000000000,2.781259975
1780837951.615421772,0,child_like,6.000000000,0.000000000,0.401636660,-0.000000000,-0.000000000,3.414479196,1.123580060,-1.000000000,2.823561395
1780837951.665577412,0,child_like,6.000000000,0.000000000,0.401636660,-0.000000000,-0.000000000,3.470641912,0.997467568,-1.000000000,2.856392569
1780837951.715548754,0,child_like,6.000000000,0.000000000,0.401636660,-0.000000000,-0.000000000,3.510275334,1.114786822,-1.000000000,2.918393949
1780837951.765405178,0,child_like,6.000000000,0.000000000,0.401636660,-0.000000000,-0.000000000,3.572807190,1.114786822,-1.000000000,2.981210842
1780837951.815606833,0,child_like,6.000000000,0.000000000,0.401636660,-0.000000000,-0.000000000,3.614579742,1.114786822,-1.000000000,3.023168238
1780837951.865716219,0,child_like,6.000000000,0.000000000,0.401636660,-0.000000000,-0.000000000,3.670311498,0.985070055,-1.000000000,3.054573229
1780837951.915639877,0,child_like,6.000000000,0.000000000,0.401636660,-0.000000000,-0.000000000,3.710465049,1.148083300,-1.000000000,3.125818573
1780837951.965812445,0,child_like,6.000000000,0.000000000,0.401636660,-0.000000000,-0.000000000,3.775392536,1.148083300,-1.000000000,3.191170463
1780837952.015498400,0,child_like,6.000000000,0.000000000,0.401636660,-0.000000000,-0.000000000,3.818742261,1.148083300,-1.000000000,3.234791611
1780837952.065505266,0,child_like,6.000000000,0.000000000,0.401636660,-0.000000000,-0.000000000,3.876339605,1.015370188,-1.000000000,3.267468249
1780837952.115514517,0,child_like,6.000000000,0.000000000,0.401636660,-0.000000000,-0.000000000,3.914867373,1.015370188,-1.000000000,3.306194698
1780837952.165395260,0,child_like,6.000000000,0.000000000,0.401636660,-0.000000000,-0.000000000,3.978680110,1.121972441,-1.000000000,3.390513785
1780837952.215418100,0,child_like,6.000000000,0.000000000,0.401636660,-0.000000000,-0.000000000,4.018832180,0.993572342,-1.000000000,3.406278167
1780837952.265538454,0,child_like,6.000000000,0.000000000,0.401636660,-0.000000000,-0.000000000,4.075384740,0.993572342,-1.000000000,3.462960799
1780837952.315192938,0,child_like,6.000000000,0.000000000,0.401636660,-0.000000000,-0.000000000,4.113181683,0.993572342,-1.000000000,3.500840841
1780837952.366050243,0,child_like,6.000000000,0.000000000,0.401636660,-0.000000000,-0.000000000,4.163055839,0.872325725,-1.000000000,3.527666417
1780837952.415623188,0,child_like,6.000000000,0.000000000,0.401636660,-0.000000000,-0.000000000,4.196164471,0.872325725,-1.000000000,3.560835727
1780837952.465469360,0,child_like,6.000000000,0.000000000,0.401636660,-0.000000000,-0.000000000,4.251277429,0.965695714,-1.000000000,3.633778529
1780837952.515437126,0,child_like,6.000000000,0.000000000,0.401636660,-0.000000000,-0.000000000,4.287968273,0.965695714,-1.000000000,3.670461956
1780837952.566280603,0,child_like,6.000000000,0.000000000,0.401636660,-0.000000000,-0.000000000,4.345288652,1.003407827,-1.000000000,3.735344054
1780837952.615446329,0,child_like,6.000000000,0.000000000,0.401636660,-0.000000000,-0.000000000,4.383628453,1.003407827,-1.000000000,3.773911568
1780837952.665532351,0,child_like,6.000000000,0.000000000,0.401636660,-0.000000000,-0.000000000,4.434404012,0.885745919,-1.000000000,3.802422546
1780837952.715661049,0,child_like,6.000000000,0.000000000,0.401636660,-0.000000000,-0.000000000,4.468352608,0.885745919,-1.000000000,3.836552027
1780837952.765672207,0,child_like,6.000000000,0.000000000,0.401636660,-0.000000000,-0.000000000,4.523654377,0.963273505,-1.000000000,3.906942429
1780837952.815509796,0,child_like,6.000000000,0.000000000,0.401636660,-0.000000000,-0.000000000,4.558589019,0.852340215,-1.000000000,3.920648737
1780837952.865486860,0,child_like,6.000000000,0.000000000,0.401636660,-0.000000000,-0.000000000,4.607543268,0.852340215,-1.000000000,3.969726532
1780837952.915619612,0,child_like,6.000000000,0.000000000,0.401636660,-0.000000000,-0.000000000,4.640304820,0.852340215,-1.000000000,4.002568846
1780837952.965878725,0,child_like,6.000000000,0.000000000,0.401636660,-0.000000000,-0.000000000,4.683424877,0.748225883,-1.000000000,4.025721088
1780837953.015296936,0,child_like,6.000000000,0.000000000,0.401636660,-0.000000000,-0.000000000,4.712196353,0.748225883,-1.000000000,4.054542421
1780837953.065364122,0,child_like,6.000000000,0.000000000,0.401636660,-0.000000000,-0.000000000,4.758235412,0.798893218,-1.000000000,4.110355213
1780837953.115264654,0,child_like,6.000000000,0.000000000,0.401636660,-0.000000000,-0.000000000,4.788942054,0.798893218,-1.000000000,4.141068966
1780837953.165551424,0,child_like,6.000000000,0.000000000,0.401636660,-0.000000000,-0.000000000,4.829568216,0.706291173,-1.000000000,4.163845868
1780837953.215407372,0,child_like,6.000000000,0.000000000,0.401636660,-0.000000000,-0.000000000,4.856777617,0.706291173,-1.000000000,4.191049115
1780837953.265338182,0,child_like,6.000000000,0.000000000,0.401636660,-0.000000000,-0.000000000,4.892288032,0.617896949,-1.000000000,4.209521568
1780837953.315515280,0,child_like,6.000000000,0.000000000,0.401636660,-0.000000000,-0.000000000,4.917192122,0.675839037,-1.000000000,4.245564280
1780837953.365647793,0,child_like,6.000000000,0.000000000,0.401636660,-0.000000000,-0.000000000,4.955968355,0.675839037,-1.000000000,4.284297891
1780837953.415483713,0,child_like,6.000000000,0.000000000,0.401636660,-0.000000000,-0.000000000,4.981938559,0.675839037,-1.000000000,4.310239618
1780837953.465582609,0,child_like,6.000000000,0.000000000,0.401636660,-0.000000000,-0.000000000,5.016422081,0.596942405,-1.000000000,4.329500499
1780837953.515607595,0,child_like,6.000000000,0.000000000,0.401636660,-0.000000000,-0.000000000,5.037879069,0.521940327,-1.000000000,4.336508355
1780837953.565674543,0,child_like,6.000000000,0.000000000,0.401636660,-0.000000000,-0.000000000,5.067888795,0.521940327,-1.000000000,4.366483145
1780837953.615572453,0,child_like,6.000000000,0.000000000,0.401636660,-0.000000000,-0.000000000,5.087821089,0.521940327,-1.000000000,4.386392494
1780837953.665482283,0,child_like,6.000000000,0.000000000,0.401636660,-0.000000000,-0.000000000,5.114286052,0.458053197,-1.000000000,4.400551182
1780837953.715662479,0,child_like,6.000000000,0.000000000,0.401636660,-0.000000000,-0.000000000,5.131858364,0.458053197,-1.000000000,4.418102308
1780837953.765525818,0,child_like,6.000000000,0.000000000,0.401636660,-0.000000000,-0.000000000,5.159080418,0.476479003,-1.000000000,4.448831480
1780837953.815224886,0,child_like,6.000000000,0.000000000,0.401636660,-0.000000000,-0.000000000,5.177388269,0.476479003,-1.000000000,4.467119509
1780837953.865409851,0,child_like,6.000000000,0.000000000,0.401636660,-0.000000000,-0.000000000,5.201594486,0.420858538,-1.000000000,4.480624247
1780837953.915469885,0,child_like,6.000000000,0.000000000,0.401636660,-0.000000000,-0.000000000,5.216702494,0.368007279,-1.000000000,4.485579270
1780837953.965344191,0,child_like,6.000000000,0.000000000,0.401636660,-0.000000000,-0.000000000,5.237775046,0.368007279,-1.000000000,4.506626209
1780837954.015637398,0,child_like,6.000000000,0.000000000,0.401636660,-0.000000000,-0.000000000,5.251736801,0.368007279,-1.000000000,4.520570507
1780837954.065493584,0,child_like,6.000000000,0.000000000,0.401636660,-0.000000000,-0.000000000,5.270357467,0.322999234,-1.000000000,4.530545832
1780837954.115590096,0,child_like,6.000000000,0.000000000,0.401636660,-0.000000000,-0.000000000,5.282782372,0.322999234,-1.000000000,4.542955628
1780837954.165623188,0,child_like,6.000000000,0.000000000,0.401636660,-0.000000000,-0.000000000,5.298836880,0.282445178,-1.000000000,4.551227189
1780837954.215382814,0,child_like,6.000000000,0.000000000,0.401636660,-0.000000000,-0.000000000,5.309665436,0.282445178,-1.000000000,4.562042996
1780837954.265562773,0,child_like,6.000000000,0.000000000,0.401636660,-0.000000000,-0.000000000,5.323989549,0.246951480,-1.000000000,4.569560618
1780837954.315900326,0,child_like,6.000000000,0.000000000,0.401636660,-0.000000000,-0.000000000,5.333512533,0.246951480,-1.000000000,4.579073180
1780837954.365802050,0,child_like,6.000000000,0.000000000,0.401636660,-0.000000000,-0.000000000,5.345952273,0.215658392,-1.000000000,4.585516501
1780837954.415671825,0,child_like,6.000000000,0.000000000,0.401636660,-0.000000000,-0.000000000,5.354060355,0.215658392,-1.000000000,4.593615586
1780837954.465578794,0,child_like,6.000000000,0.000000000,0.401636660,-0.000000000,-0.000000000,5.364754750,0.188276501,-1.000000000,4.599067032
1780837954.515185118,0,child_like,6.000000000,0.000000000,0.401636660,-0.000000000,-0.000000000,5.372099856,0.188276501,-1.000000000,4.606404709
1780837954.565526485,0,child_like,6.000000000,0.000000000,0.401636660,-0.000000000,-0.000000000,5.381690763,0.164737727,-1.000000000,4.611495049
1780837954.615404129,0,child_like,6.000000000,0.000000000,0.401636660,-0.000000000,-0.000000000,5.387855147,0.164737727,-1.000000000,4.617655298
1780837954.665408373,0,child_like,6.000000000,0.000000000,0.401636660,-0.000000000,-0.000000000,5.396118623,0.143683505,-1.000000000,4.621895672
1780837954.715459585,0,child_like,6.000000000,0.000000000,0.401636660,-0.000000000,-0.000000000,5.401549050,0.143683505,-1.000000000,4.627323261
1780837954.765559196,0,child_like,6.000000000,0.000000000,0.401636660,-0.000000000,-0.000000000,5.408697944,0.125749453,-1.000000000,4.631046674
1780837954.815234661,0,child_like,6.000000000,0.000000000,0.401636660,-0.000000000,-0.000000000,5.413461065,0.125749453,-1.000000000,4.635807716
1780837954.865521431,0,child_like,6.000000000,0.000000000,0.401636660,-0.000000000,-0.000000000,5.419773852,0.110051375,-1.000000000,4.639123703
1780837954.915235758,0,child_like,6.000000000,0.000000000,0.401636660,-0.000000000,-0.000000000,5.424030200,0.110051375,-1.000000000,4.643378584
1780837954.965428829,0,child_like,6.000000000,0.000000000,0.401636660,-0.000000000,-0.000000000,5.429569532,0.096130705,-1.000000000,4.646261538
1780837955.015174866,0,child_like,6.000000000,0.000000000,0.401636660,-0.000000000,-0.000000000,5.433175916,0.096130705,-1.000000000,4.649866967
1780837955.065454006,0,child_like,6.000000000,0.000000000,0.401636660,-0.000000000,-0.000000000,5.437964891,0.083855747,-1.000000000,4.652314283
1780837955.115406513,0,child_like,6.000000000,0.000000000,0.401636660,-0.000000000,-0.000000000,5.440994579,0.083855747,-1.000000000,4.655343191
1780837955.165612459,0,child_like,6.000000000,0.000000000,0.401636660,-0.000000000,-0.000000000,5.445159054,0.073352538,-1.000000000,4.657504467
1780837955.215551376,0,child_like,6.000000000,0.000000000,0.401636660,-0.000000000,-0.000000000,5.447854827,0.073352538,-1.000000000,4.660199847
1780837955.265782356,0,child_like,6.000000000,0.000000000,0.401636660,-0.000000000,-0.000000000,5.451570879,0.064370289,-1.000000000,4.662203067
1780837955.315604925,0,child_like,6.000000000,0.000000000,0.401636660,-0.000000000,-0.000000000,5.454011451,0.064370289,-1.000000000,4.664643257
1780837955.365435362,0,child_like,6.000000000,0.000000000,0.401636660,-0.000000000,-0.000000000,5.457181514,0.056276803,-1.000000000,4.666270180
1780837955.415414572,0,child_like,6.000000000,0.000000000,0.401636660,-0.000000000,-0.000000000,5.459453589,0.056276803,-1.000000000,4.668541975
1780837955.465380669,0,child_like,6.000000000,0.000000000,0.401636660,-0.000000000,-0.000000000,5.462213282,0.049281443,-1.000000000,4.669968073
1780837955.515661001,0,child_like,6.000000000,0.000000000,0.401636660,-0.000000000,-0.000000000,5.463997792,0.049281443,-1.000000000,4.671752397
1780837955.565473080,0,child_like,6.000000000,0.000000000,0.401636660,-0.000000000,-0.000000000,5.466567581,0.043019809,-1.000000000,4.673128628
1780837955.615305662,0,child_like,6.000000000,0.000000000,0.401636660,-0.000000000,-0.000000000,5.468261618,0.043019809,-1.000000000,4.674822425
1780837955.665305614,0,child_like,6.000000000,0.000000000,0.401636660,-0.000000000,-0.000000000,5.470478091,0.037522597,-1.000000000,4.675991105
1780837955.715643167,0,child_like,6.000000000,0.000000000,0.401636660,-0.000000000,-0.000000000,5.471903678,0.037522597,-1.000000000,4.677416619
1780837955.765649557,0,child_like,6.000000000,0.000000000,0.401636660,-0.000000000,-0.000000000,5.473926522,0.032709659,-1.000000000,4.678522141
1780837955.815284729,0,child_like,6.000000000,0.000000000,0.401636660,-0.000000000,-0.000000000,5.475125817,0.032709659,-1.000000000,4.679721295
1780837955.865347862,0,child_like,6.000000000,0.000000000,0.401636660,-0.000000000,-0.000000000,5.476808569,0.028371174,-1.000000000,4.680577218
1780837955.915316820,0,child_like,6.000000000,0.000000000,0.401636660,-0.000000000,-0.000000000,5.477886649,0.028371174,-1.000000000,4.681655191
1780837955.965446472,0,child_like,6.000000000,0.000000000,0.401636660,-0.000000000,-0.000000000,5.479222495,0.024805690,-1.000000000,4.682311585
1780837956.015521765,0,child_like,6.000000000,0.000000000,0.401636660,-0.000000000,-0.000000000,5.480253362,0.024805690,-1.000000000,4.683342347
1780837956.065567732,0,child_like,6.000000000,0.000000000,0.401636660,-0.000000000,-0.000000000,5.481421163,0.021773284,-1.000000000,4.683932335
1780837956.115461588,0,child_like,6.000000000,0.000000000,0.401636660,-0.000000000,-0.000000000,5.482174974,0.021773284,-1.000000000,4.684686067
1780837956.165448666,0,child_like,6.000000000,0.000000000,0.401636660,-0.000000000,-0.000000000,5.483199737,0.019009789,-1.000000000,4.685184268
1780837956.215383768,0,child_like,6.000000000,0.000000000,0.401636660,-0.000000000,-0.000000000,5.483853481,0.019009789,-1.000000000,4.685837932
1780837956.265519381,0,child_like,6.000000000,0.000000000,0.401636660,-0.000000000,-0.000000000,5.484826157,0.016785553,-1.000000000,4.686386832
1780837956.315547466,0,child_like,6.000000000,0.000000000,0.401636660,-0.000000000,-0.000000000,5.485408208,0.016785553,-1.000000000,4.686968842
1780837956.365398645,0,child_like,6.000000000,0.000000000,0.401636660,-0.000000000,-0.000000000,5.486218977,0.014754714,-1.000000000,4.687392708
1780837956.415523291,0,child_like,6.000000000,0.000000000,0.401636660,-0.000000000,-0.000000000,5.486749552,0.014754714,-1.000000000,4.687923227
1780837956.465563297,0,child_like,6.000000000,0.000000000,0.401636660,-0.000000000,-0.000000000,5.487501606,0.012948769,-1.000000000,4.688331252
1780837956.515450001,0,child_like,6.000000000,0.000000000,0.401636660,-0.000000000,-0.000000000,5.487916442,0.012948769,-1.000000000,4.688746067
1780837956.565633059,0,child_like,6.000000000,0.000000000,0.401636660,-0.000000000,-0.000000000,5.488616467,0.011324243,-1.000000000,4.689136615
1780837956.615350008,0,child_like,6.000000000,0.000000000,0.401636660,-0.000000000,-0.000000000,5.488956616,0.011324243,-1.000000000,4.689476715
1780837956.665779829,0,child_like,6.000000000,0.000000000,0.401636660,-0.000000000,-0.000000000,5.489651366,0.009909957,-1.000000000,4.689902071
1780837956.715526819,0,child_like,6.000000000,0.000000000,0.401636660,-0.000000000,-0.000000000,5.490110674,0.009909957,-1.000000000,4.690361358
1780837956.765484810,0,child_like,6.000000000,0.000000000,0.401636660,-0.000000000,-0.000000000,5.490801374,0.008642477,-1.000000000,4.690810632
1780837956.815726519,0,child_like,6.000000000,0.000000000,0.401636660,-0.000000000,-0.000000000,5.491255964,0.008642477,-1.000000000,4.691265191
1780837956.865571022,0,child_like,6.000000000,0.000000000,0.401636660,-0.000000000,-0.000000000,5.491843775,0.007207027,-1.000000000,4.691579609
1780837956.915678263,0,child_like,6.000000000,0.000000000,0.401636660,-0.000000000,-0.000000000,5.492200544,0.007207027,-1.000000000,4.691936353
1780837956.965451479,0,child_like,6.000000000,0.000000000,0.401636660,-0.000000000,-0.000000000,5.492496232,0.005915156,-1.000000000,4.691986008
1780837957.014975548,0,child_like,6.000000000,0.000000000,0.401636660,-0.000000000,-0.000000000,5.492712478,0.005915156,-1.000000000,4.692202235
1780837957.065265894,0,child_like,6.000000000,0.000000000,0.401636660,-0.000000000,-0.000000000,5.493032529,0.005069123,-1.000000000,4.692361161
1780837957.115787029,0,child_like,6.000000000,0.000000000,0.401636660,-0.000000000,-0.000000000,5.493177036,0.004370922,-1.000000000,4.692372705
1780837957.165553570,0,child_like,6.000000000,0.000000000,0.401636660,-0.000000000,-0.000000000,5.493398694,0.004370922,-1.000000000,4.692594347
1780837957.215281248,0,child_like,6.000000000,0.000000000,0.401636660,-0.000000000,-0.000000000,5.493563170,0.004370922,-1.000000000,4.692758815
1780837957.265420914,0,child_like,6.000000000,0.000000000,0.401636660,-0.000000000,-0.000000000,5.493745397,0.003857273,-1.000000000,4.692843226
1780837957.315631151,0,child_like,6.000000000,0.000000000,0.401636660,-0.000000000,-0.000000000,5.493933742,0.003857273,-1.000000000,4.693031564
1780837957.365809441,0,child_like,6.000000000,0.000000000,0.401636660,-0.000000000,-0.000000000,5.494212458,0.003341809,-1.000000000,4.693212111
1780837957.415513039,0,child_like,6.000000000,0.000000000,0.401636660,-0.000000000,-0.000000000,5.494448360,0.003341809,-1.000000000,4.693448004
1780837957.465723991,0,child_like,6.000000000,0.000000000,0.401636660,-0.000000000,-0.000000000,5.494743169,0.002819887,-1.000000000,4.693643426
1780837957.515452862,0,child_like,6.000000000,0.000000000,0.401636660,-0.000000000,-0.000000000,5.494928320,0.002819887,-1.000000000,4.693828571
1780837957.565788507,0,child_like,6.000000000,0.000000000,0.401636660,-0.000000000,-0.000000000,5.495036825,0.002190365,-1.000000000,4.693817208
1780837957.615498781,0,child_like,6.000000000,0.000000000,0.401636660,-0.000000000,-0.000000000,5.495056212,0.001788878,-1.000000000,4.693760147
1780837957.665334702,0,child_like,6.000000000,0.000000000,0.401636660,-0.000000000,-0.000000000,5.495022358,0.001788878,-1.000000000,4.693726285
1780837957.715676785,0,child_like,6.000000000,0.000000000,0.401636660,-0.000000000,-0.000000000,5.495133409,0.001788878,-1.000000000,4.693837333
1780837957.765457392,0,child_like,6.000000000,0.000000000,0.401636660,-0.000000000,-0.000000000,5.495321060,0.001835377,-1.000000000,4.694033831
1780837957.815414190,0,child_like,6.000000000,0.000000000,0.401636660,-0.000000000,-0.000000000,5.495402325,0.001835377,-1.000000000,4.694115093
1780837957.865507841,0,child_like,6.000000000,0.000000000,0.401636660,-0.000000000,-0.000000000,5.495463012,0.001442861,-1.000000000,4.694101049
1780837957.915442467,0,child_like,6.000000000,0.000000000,0.401636660,-0.000000000,-0.000000000,5.495474356,0.001442861,-1.000000000,4.694112390
1780837957.965403318,0,child_like,6.000000000,0.000000000,0.401636660,-0.000000000,-0.000000000,5.495462403,0.001166290,-1.000000000,4.694047779
1780837958.015436172,0,child_like,6.000000000,0.000000000,0.401636660,-0.000000000,-0.000000000,5.495494307,0.001166290,-1.000000000,4.694079681
1780837958.065362930,0,child_like,6.000000000,0.000000000,0.401636660,-0.000000000,-0.000000000,5.495575695,0.001141999,-1.000000000,4.694156442
1780837958.115563154,0,child_like,6.000000000,0.000000000,0.401636660,-0.000000000,-0.000000000,5.495673510,0.001141999,-1.000000000,4.694254256
1780837958.165874720,0,child_like,6.000000000,0.000000000,0.401636660,-0.000000000,-0.000000000,5.495798010,0.001000316,-1.000000000,4.694351781
1780837958.215273619,0,child_like,6.000000000,0.000000000,0.401636660,-0.000000000,-0.000000000,5.495879858,0.001000316,-1.000000000,4.694433628
1780837958.265554905,0,child_like,6.000000000,0.000000000,0.401636660,-0.000000000,-0.000000000,5.496095518,0.000653596,-1.000000000,4.694583280
1780837958.315422297,0,child_like,6.000000000,0.000000000,0.401636660,-0.000000000,-0.000000000,5.496076558,0.000653596,-1.000000000,4.694564320
1780837958.365429401,0,child_like,6.000000000,0.000000000,0.401636660,-0.000000000,-0.000000000,5.496075911,0.000351467,-1.000000000,4.694506157
1780837958.415394545,0,child_like,6.000000000,0.000000000,0.401636660,-0.000000000,-0.000000000,5.496067383,0.000358004,-1.000000000,4.694498872
1780837958.465624094,0,child_like,6.000000000,0.000000000,0.401636660,-0.000000000,-0.000000000,5.496002721,0.000358004,-1.000000000,4.694434209
1780837958.515156031,0,child_like,6.000000000,0.000000000,0.401636660,-0.000000000,-0.000000000,5.496011366,0.000420892,-1.000000000,4.694454825
1780837958.565387964,0,child_like,6.000000000,0.000000000,0.401636660,-0.000000000,-0.000000000,5.496122609,0.000420892,-1.000000000,4.694566067
1780837958.615528345,0,child_like,6.000000000,0.000000000,0.401636660,-0.000000000,-0.000000000,5.496225036,0.000244047,-1.000000000,4.694634831
1780837958.665391684,0,child_like,6.000000000,0.000000000,0.401636660,-0.000000000,-0.000000000,5.496078141,0.000244047,-1.000000000,4.694487935
1780837958.715458155,0,child_like,6.000000000,0.000000000,0.401636660,-0.000000000,-0.000000000,5.496220084,0.000244047,-1.000000000,4.694629878
1780837958.765477180,0,child_like,6.000000000,0.000000000,0.401636660,-0.000000000,-0.000000000,5.496220120,0.000299014,-1.000000000,4.694640376
1780837958.815491915,0,child_like,6.000000000,0.000000000,0.401636660,-0.000000000,-0.000000000,5.496172669,0.000299014,-1.000000000,4.694592923
1780837958.865366697,0,child_like,6.000000000,0.000000000,0.401636660,-0.000000000,-0.000000000,5.496186208,0.000149469,-1.000000000,4.694577997
1780837958.915324926,0,child_like,6.000000000,0.000000000,0.401636660,-0.000000000,-0.000000000,5.496219824,0.000149469,-1.000000000,4.694611613
1780837958.965690136,0,child_like,6.000000000,0.000000000,0.401636660,-0.000000000,-0.000000000,5.496179086,0.000183452,-1.000000000,4.694577343
1780837959.015646458,0,child_like,6.000000000,0.000000000,0.401636660,-0.000000000,-0.000000000,5.496259238,0.000183452,-1.000000000,4.694657495
1780837959.065463305,0,child_like,6.000000000,0.000000000,0.401636660,-0.000000000,-0.000000000,5.496161979,0.000198558,-1.000000000,4.694563111
1780837959.115493536,0,child_like,6.000000000,0.000000000,0.401636660,-0.000000000,-0.000000000,5.496188209,0.000149966,-1.000000000,4.694580092
1780837959.165457487,0,child_like,6.000000000,0.000000000,0.401636660,-0.000000000,-0.000000000,5.496104588,0.000149966,-1.000000000,4.694496471
1780837959.215569496,0,child_like,6.000000000,0.000000000,0.401636660,-0.000000000,-0.000000000,5.496165047,0.000149966,-1.000000000,4.694556930
1780837959.265563250,0,child_like,6.000000000,0.000000000,0.401636660,-0.000000000,-0.000000000,5.496123727,0.000246220,-1.000000000,4.694533929
1780837959.315334558,0,child_like,6.000000000,0.000000000,0.401636660,-0.000000000,-0.000000000,5.496152229,0.000246220,-1.000000000,4.694562430
1780837959.365594149,0,child_like,6.000000000,0.000000000,0.401636660,-0.000000000,-0.000000000,5.496255440,0.000177316,-1.000000000,4.694652527
1780837959.414997816,0,child_like,6.000000000,0.000000000,0.401636660,-0.000000000,-0.000000000,5.496282311,0.000177316,-1.000000000,4.694679398
1780837959.465356350,0,child_like,6.000000000,0.000000000,0.401636660,-0.000000000,-0.000000000,5.496357650,0.000036899,-1.000000000,4.694728012
1780837959.515547991,0,child_like,6.000000000,0.000000000,0.401636660,-0.000000000,-0.000000000,5.496442278,0.000036899,-1.000000000,4.694812641
1780837959.565543890,0,child_like,6.000000000,0.000000000,0.401636660,-0.000000000,-0.000000000,5.496533430,0.000101204,57076.182168214,4.694877510
1780837959.615568638,0,child_like,6.000000000,0.000000000,0.401636660,-0.000000000,-0.000000000,5.496539106,0.000260365,22185.890979510,4.694852896
1780837959.665449619,0,child_like,6.000000000,0.000000000,0.401636660,-0.000000000,-0.000000000,5.496500526,0.000260365,22186.056256476,4.694814317
1780837959.715563536,0,child_like,6.000000000,0.000000000,0.401636660,-0.000000000,-0.000000000,5.496559824,0.000260365,22186.384140404,4.694873615
1780837959.765713930,0,child_like,6.000000000,0.000000000,0.401636660,-0.000000000,-0.000000000,5.496679974,0.000177224,32595.736440584,4.695009587
1780837959.815435410,0,child_like,6.000000000,0.000000000,0.401636660,-0.000000000,-0.000000000,5.496524004,0.000443541,13023.861327462,4.694802937
1780837959.865325928,0,child_like,6.000000000,0.000000000,0.401636660,-0.000000000,-0.000000000,5.496724065,0.000443541,13024.464131586,4.695002999
1780837959.915722847,0,child_like,6.000000000,0.000000000,0.401636660,-0.000000000,-0.000000000,5.496696327,0.000443541,13024.460613042,4.694975261
1780837959.965732336,0,child_like,6.000000000,0.000000000,0.401636660,-0.000000000,-0.000000000,5.496622554,0.000517906,11154.311490111,4.694887338
1780837960.015732765,0,child_like,6.000000000,0.000000000,0.401636660,-0.000000000,-0.000000000,5.496518080,0.000517906,11154.293576061,4.694782866
1780837960.065377712,0,child_like,6.000000000,0.000000000,0.401636660,-0.000000000,-0.000000000,5.496451223,0.000424357,13613.343672675,4.694733812
1780837960.115351439,0,child_like,6.000000000,0.000000000,0.401636660,-0.000000000,-0.000000000,5.496582937,0.000424357,13613.742634961,4.694865526
1780837960.165529966,0,child_like,6.000000000,0.000000000,0.401636660,-0.000000000,-0.000000000,5.496504985,0.000134855,42839.007137884,4.694842664
1780837960.215389967,0,child_like,6.000000000,0.000000000,0.401636660,-0.000000000,-0.000000000,5.496443962,0.000134855,42838.923998901,4.694781641
1780837960.265302181,0,child_like,6.000000000,0.000000000,0.401636660,-0.000000000,-0.000000000,5.496465197,0.000249187,23183.908218496,4.694781121
1780837960.315510988,0,child_like,6.000000000,0.000000000,0.401636660,-0.000000000,-0.000000000,5.496577950,0.000249187,23184.343708810,4.694893874
1780837960.364979982,0,child_like,6.000000000,0.000000000,0.401636660,-0.000000000,-0.000000000,5.496660630,0.000221465,26087.025935245,4.694981828
1780837960.415146589,0,child_like,6.000000000,0.000000000,0.401636660,-0.000000000,-0.000000000,5.496672368,0.000529163,10918.045253540,4.694935018
1780837960.465023756,0,child_like,6.000000000,0.000000000,0.401636660,-0.000000000,-0.000000000,5.496591948,0.000529163,10917.995624381,4.694854599
1780837960.515312433,0,child_like,6.000000000,0.000000000,0.401636660,-0.000000000,-0.000000000,5.496585344,0.000454442,12713.230130952,4.694862213
1780837960.564936161,0,child_like,6.000000000,0.000000000,0.401636660,-0.000000000,-0.000000000,5.496645534,0.000454442,12713.570352528,4.694922406
1780837960.615188599,0,child_like,6.000000000,0.000000000,0.401636660,-0.000000000,-0.000000000,5.496632518,0.000498157,11597.848931568,4.694901070
1780837960.665733337,0,child_like,6.000000000,0.000000000,0.401636660,-0.000000000,-0.000000000,5.496422313,0.000498157,11597.652137514,4.694690868
1780837960.715573549,0,child_like,6.000000000,0.000000000,0.401636660,-0.000000000,-0.000000000,5.496274674,0.000498157,11597.523190944,4.694543230
1780837960.765653610,0,child_like,6.000000000,0.000000000,0.401636660,-0.000000000,-0.000000000,5.496354646,0.000240467,24026.361721308,4.694672233
1780837960.815367699,0,child_like,6.000000000,0.000000000,0.401636660,-0.000000000,-0.000000000,5.496217786,0.000240467,24026.060305093,4.694535373
1780837960.865354300,0,child_like,6.000000000,0.000000000,0.401636660,-0.000000000,-0.000000000,5.496198351,0.000082557,69981.587408198,4.694545983
1780837960.915388584,0,child_like,6.000000000,0.000000000,0.401636660,-0.000000000,-0.000000000,5.496182965,0.000073681,-1.000000000,4.694560323
1780837960.965211153,0,child_like,6.000000000,0.000000000,0.401636660,-0.000000000,-0.000000000,5.496030533,0.000073681,-1.000000000,4.694407892
1780837961.015690088,0,child_like,6.000000000,0.000000000,0.401636660,-0.000000000,-0.000000000,5.496073455,0.000073681,-1.000000000,4.694450813
1780837961.065529823,0,child_like,6.000000000,0.000000000,0.401636660,-0.000000000,-0.000000000,5.495969583,0.000344544,-1.000000000,4.694398473
1780837961.115404367,0,child_like,6.000000000,0.000000000,0.401636660,-0.000000000,-0.000000000,5.495948638,0.000433809,-1.000000000,4.694394510
1780837961.165274858,0,child_like,6.000000000,0.000000000,0.401636660,-0.000000000,-0.000000000,5.496174780,0.000433809,-1.000000000,4.694620650
1780837961.215242386,0,child_like,6.000000000,0.000000000,0.401636660,-0.000000000,-0.000000000,5.496047794,0.000433809,-1.000000000,4.694493662
1780837961.265791893,0,child_like,6.000000000,0.000000000,0.401636660,-0.000000000,-0.000000000,5.496130063,0.000277825,-1.000000000,4.694546256
1780837961.315672874,0,child_like,6.000000000,0.000000000,0.401636660,-0.000000000,-0.000000000,5.496078649,0.000277825,-1.000000000,4.694494841
1780837961.365762472,0,child_like,6.000000000,0.000000000,0.401636660,-0.000000000,-0.000000000,5.496088135,0.000401840,-1.000000000,4.694527918
1780837961.415144444,0,child_like,6.000000000,0.000000000,0.401636660,-0.000000000,-0.000000000,5.496070198,0.000401840,-1.000000000,4.694509980
1780837961.465169191,0,child_like,6.000000000,0.000000000,0.401636660,-0.000000000,-0.000000000,5.496006870,0.000420064,-1.000000000,4.694450118
1780837961.515013456,0,child_like,6.000000000,0.000000000,0.401636660,-0.000000000,-0.000000000,5.495911324,0.000485355,-1.000000000,4.694366992
1780837961.565078497,0,child_like,6.000000000,0.000000000,0.401636660,-0.000000000,-0.000000000,5.495862819,0.000485355,-1.000000000,4.694318485
1780837961.615133762,0,child_like,6.000000000,0.000000000,0.401636660,-0.000000000,-0.000000000,5.496055226,0.000626746,-1.000000000,4.694537787
1780837961.665089130,0,child_like,6.000000000,0.000000000,0.401636660,-0.000000000,-0.000000000,5.495978768,0.000626746,-1.000000000,4.694461327
1780837961.715223551,0,child_like,6.000000000,0.000000000,0.401636660,-0.000000000,-0.000000000,5.495942456,0.000474307,-1.000000000,4.694396018
1780837961.765064001,0,child_like,6.000000000,0.000000000,0.401636660,-0.000000000,-0.000000000,5.496046205,0.000474307,-1.000000000,4.694499765
1780837961.815181732,0,child_like,6.000000000,0.000000000,0.401636660,-0.000000000,-0.000000000,5.495995228,0.000474307,-1.000000000,4.694448787
1780837961.865010500,0,child_like,6.000000000,0.000000000,0.401636660,-0.000000000,-0.000000000,5.495906436,0.000424947,-1.000000000,4.694350605
1780837961.915720224,0,child_like,6.000000000,0.000000000,0.401636660,-0.000000000,-0.000000000,5.495900967,0.000577620,-1.000000000,4.694374175
1780837961.965201139,0,child_like,6.000000000,0.000000000,0.401636660,-0.000000000,-0.000000000,5.496050714,0.000577620,-1.000000000,4.694523921
1780837962.015170574,0,child_like,6.000000000,0.000000000,0.401636660,-0.000000000,-0.000000000,5.496155319,0.000577620,-1.000000000,4.694628526
1780837962.065582991,0,child_like,6.000000000,0.000000000,0.401636660,-0.000000000,-0.000000000,5.496278266,0.000318795,-1.000000000,4.694702241
1780837962.115296364,0,child_like,6.000000000,0.000000000,0.401636660,-0.000000000,-0.000000000,5.496191528,0.000318795,-1.000000000,4.694615503
1780837962.165353298,0,child_like,6.000000000,0.000000000,0.401636660,-0.000000000,-0.000000000,5.496078441,0.000092880,-1.000000000,4.694459447
1780837962.215394974,0,child_like,6.000000000,0.000000000,0.401636660,-0.000000000,-0.000000000,5.496168294,0.000092880,-1.000000000,4.694549299
1780837962.265880823,0,child_like,6.000000000,0.000000000,0.401636660,-0.000000000,-0.000000000,5.496296058,0.000263539,-1.000000000,4.694709521
1780837962.315408468,0,child_like,6.000000000,0.000000000,0.401636660,-0.000000000,-0.000000000,5.496384797,0.000263539,-1.000000000,4.694798260
1780837962.365944862,0,child_like,6.000000000,0.000000000,0.401636660,-0.000000000,-0.000000000,5.496303848,0.000008909,-1.000000000,4.694668882
1780837962.415544987,0,child_like,6.000000000,0.000000000,0.401636660,-0.000000000,-0.000000000,5.496372737,0.000008909,-1.000000000,4.694737771
1780837962.465786695,0,child_like,6.000000000,0.000000000,0.401636660,-0.000000000,-0.000000000,5.496364115,0.000065821,-1.000000000,4.694739973
1780837962.515427828,0,child_like,6.000000000,0.000000000,0.401636660,-0.000000000,-0.000000000,5.496375831,0.000065821,-1.000000000,4.694751689
1780837962.565360308,0,child_like,6.000000000,0.000000000,0.401636660,-0.000000000,-0.000000000,5.496248861,0.000003994,1447183.363536016,4.694611441
1780837962.615473270,0,child_like,6.000000000,0.000000000,0.401636660,-0.000000000,-0.000000000,5.496210185,0.000003994,1447181.574979444,4.694572765
1780837962.665672779,0,child_like,6.000000000,0.000000000,0.401636660,-0.000000000,-0.000000000,5.496252684,0.000149166,-1.000000000,4.694644391
1780837962.715516329,0,child_like,6.000000000,0.000000000,0.401636660,-0.000000000,-0.000000000,5.496211059,0.000149166,-1.000000000,4.694602766
1780837962.765568018,0,child_like,6.000000000,0.000000000,0.401636660,-0.000000000,-0.000000000,5.496373636,0.000162903,-1.000000000,4.694767955
1780837962.815456867,0,child_like,6.000000000,0.000000000,0.401636660,-0.000000000,-0.000000000,5.496484840,0.000162903,-1.000000000,4.694879159
1780837962.865655661,0,child_like,6.000000000,0.000000000,0.401636660,-0.000000000,-0.000000000,5.496413759,0.000022765,253923.139883897,4.694772770
1780837962.915268660,0,child_like,6.000000000,0.000000000,0.401636660,-0.000000000,-0.000000000,5.496514967,0.000022765,253930.617321493,4.694873977
1780837962.965561628,0,child_like,6.000000000,0.000000000,0.401636660,-0.000000000,-0.000000000,5.496535648,0.000116254,49726.508115349,4.694876881
1780837963.015258551,0,child_like,6.000000000,0.000000000,0.401636660,-0.000000000,-0.000000000,5.496618967,0.000116254,49727.232728674,4.694960200
1780837963.065618992,0,child_like,6.000000000,0.000000000,0.401636660,-0.000000000,-0.000000000,5.496616444,0.000246391,23462.942381915,4.694932930
1780837963.115587234,0,child_like,6.000000000,0.000000000,0.401636660,-0.000000000,-0.000000000,5.496686386,0.000246391,23463.278277932,4.695002873
1780837963.165777922,0,child_like,6.000000000,0.000000000,0.401636660,-0.000000000,-0.000000000,5.496723394,0.000427223,13532.079615272,4.695005494
1780837963.215370178,0,child_like,6.000000000,0.000000000,0.401636660,-0.000000000,-0.000000000,5.496744979,0.000627654,9210.882722109,4.694988966
1780837963.265766621,0,child_like,6.000000000,0.000000000,0.401636660,-0.000000000,-0.000000000,5.496682115,0.000627654,9210.797111811,4.694926102
1780837963.315589666,0,child_like,6.000000000,0.000000000,0.401636660,-0.000000000,-0.000000000,5.496765081,0.000657432,8793.827374642,4.695003407
1780837963.365500689,0,child_like,6.000000000,0.000000000,0.401636660,-0.000000000,-0.000000000,5.496949826,0.000657432,8794.266915866,4.695188154
1780837963.416108847,0,child_like,6.000000000,0.000000000,0.401636660,-0.000000000,-0.000000000,5.497072274,0.000657432,8794.514156460,4.695310603
1780837963.465318680,0,child_like,6.000000000,0.000000000,0.401636660,-0.000000000,-0.000000000,5.497218659,0.000883341,6545.635222787,4.695414034
1780837963.515689611,0,child_like,6.000000000,0.000000000,0.401636660,-0.000000000,-0.000000000,5.497116739,0.000883341,6545.594189585,4.695312115
1780837963.565438032,0,child_like,6.000000000,0.000000000,0.401636660,-0.000000000,-0.000000000,5.497031279,0.001170648,4939.172323257,4.695172030
1780837963.615314484,0,child_like,6.000000000,0.000000000,0.401636660,-0.000000000,-0.000000000,5.496989910,0.000857306,6744.463500810,4.695190242
1780837963.665668964,0,child_like,6.000000000,0.000000000,0.401636660,-0.000000000,-0.000000000,5.496967320,0.000857306,6744.492737456,4.695167654
1780837963.715422153,0,child_like,6.000000000,0.000000000,0.401636660,-0.000000000,-0.000000000,5.497087083,0.000857306,6744.658627515,4.695287417
1780837963.765365839,0,child_like,6.000000000,0.000000000,0.401636660,-0.000000000,-0.000000000,5.497242058,0.000787572,7342.158258692,4.695455654
1780837963.815164328,0,child_like,6.000000000,0.000000000,0.401636660,-0.000000000,-0.000000000,5.497300160,0.000787572,7342.262163251,4.695513756
1780837963.865577221,0,child_like,6.000000000,0.000000000,0.401636660,-0.000000000,-0.000000000,5.497215012,0.001137645,5082.939349652,4.695362051
1780837963.915432692,0,child_like,6.000000000,0.000000000,0.401636660,-0.000000000,-0.000000000,5.497232607,0.001137645,5083.031512962,4.695379650
1780837963.965510845,0,child_like,6.000000000,0.000000000,0.401636660,-0.000000000,-0.000000000,5.496918144,0.001105620,5230.063851486,4.695071280
1780837964.015412569,0,child_like,6.000000000,0.000000000,0.401636660,-0.000000000,-0.000000000,5.496911405,0.001105620,5230.146505812,4.695064544
1780837964.065411091,0,child_like,6.000000000,0.000000000,0.401636660,-0.000000000,-0.000000000,5.496856945,0.000703027,8225.344950942,4.695086629
1780837964.115226030,0,child_like,6.000000000,0.000000000,0.401636660,-0.000000000,-0.000000000,5.496807284,0.000703027,8225.323076186,4.695036968
1780837964.165694237,0,child_like,6.000000000,0.000000000,0.401636660,-0.000000000,-0.000000000,5.496727941,0.000522496,11067.280016679,4.694991948
1780837964.215366840,0,child_like,6.000000000,0.000000000,0.401636660,-0.000000000,-0.000000000,5.496691325,0.000522496,11067.431593802,4.694955334
1780837964.265393257,0,child_like,6.000000000,0.000000000,0.401636660,-0.000000000,-0.000000000,5.496654465,0.000422322,13692.743832557,4.694937519
1780837964.315845013,0,child_like,6.000000000,0.000000000,0.401636660,-0.000000000,-0.000000000,5.496655992,0.000422322,13693.046437415,4.694939048
1780837964.365809679,0,child_like,6.000000000,0.000000000,0.401636660,-0.000000000,-0.000000000,5.496673300,0.000282162,20495.309843436,4.694983001
1780837964.415562391,0,child_like,6.000000000,0.000000000,0.401636660,-0.000000000,-0.000000000,5.496770896,0.000282162,20495.934848600,4.695080598
1780837964.465838432,0,child_like,6.000000000,0.000000000,0.401636660,-0.000000000,-0.000000000,5.496796472,0.000230322,25109.698025599,4.695116030
1780837964.515425444,0,child_like,6.000000000,0.000000000,0.401636660,-0.000000000,-0.000000000,5.496685218,0.000230322,25109.609230246,4.695004777
1780837964.565715790,0,child_like,6.000000000,0.000000000,0.401636660,-0.000000000,-0.000000000,5.496915412,0.000363459,15912.742243557,4.695209664
1780837964.615257502,0,child_like,6.000000000,0.000000000,0.401636660,-0.000000000,-0.000000000,5.496942514,0.000363459,15912.889061456,4.695236766
1780837964.665647984,0,child_like,6.000000000,0.000000000,0.401636660,-0.000000000,-0.000000000,5.497028434,0.000482620,11984.465647439,4.695300038
1780837964.715227842,0,child_like,6.000000000,0.000000000,0.401636660,-0.000000000,-0.000000000,5.496982412,0.000609137,9495.321930092,4.695229969
1780837964.765449762,0,child_like,6.000000000,0.000000000,0.401636660,-0.000000000,-0.000000000,5.496819914,0.000609137,9495.158393659,4.695067472
1780837964.815097570,0,child_like,6.000000000,0.000000000,0.401636660,-0.000000000,-0.000000000,5.496661637,0.000444750,13004.521827961,4.694940442
1780837964.865632296,0,child_like,6.000000000,0.000000000,0.401636660,-0.000000000,-0.000000000,5.496611293,0.000444750,13004.587532337,4.694890100
1780837964.915453672,0,child_like,6.000000000,0.000000000,0.401636660,-0.000000000,-0.000000000,5.496591491,0.000444750,13004.750871364,4.694870299
1780837964.965486288,0,child_like,6.000000000,0.000000000,0.401636660,-0.000000000,-0.000000000,5.496692743,0.000229751,25175.440706560,4.695012416
1780837965.015327215,0,child_like,6.000000000,0.000000000,0.401636660,-0.000000000,-0.000000000,5.496708795,0.000229751,25175.758840567,4.695028468
1780837965.065668583,0,child_like,6.000000000,0.000000000,0.401636660,-0.000000000,-0.000000000,5.496737823,0.000276910,20888.573685782,4.695048533
1780837965.115741968,0,child_like,6.000000000,0.000000000,0.401636660,-0.000000000,-0.000000000,5.496629966,0.000276910,20888.521228756,4.694940678
1780837965.165481806,0,child_like,6.000000000,0.000000000,0.401636660,-0.000000000,-0.000000000,5.496452045,0.000391416,14777.519193653,4.694740996
1780837965.215669394,0,child_like,6.000000000,0.000000000,0.401636660,-0.000000000,-0.000000000,5.496536784,0.000391416,14778.005292409,4.694825735
1780837965.265525579,0,child_like,6.000000000,0.000000000,0.401636660,-0.000000000,-0.000000000,5.496580980,0.000016184,357409.564812968,4.694941245
1780837965.315567732,0,child_like,6.000000000,0.000000000,0.401636660,-0.000000000,-0.000000000,5.496510308,0.000016184,357407.099858938,4.694870572
1780837965.365501881,0,child_like,6.000000000,0.000000000,0.401636660,-0.000000000,-0.000000000,5.496623682,0.000137328,42122.706260240,4.694960924
1780837965.415506840,0,child_like,6.000000000,0.000000000,0.401636660,-0.000000000,-0.000000000,5.496707811,0.000137328,42124.037649218,4.695045053
1780837965.465619564,0,child_like,6.000000000,0.000000000,0.401636660,-0.000000000,-0.000000000,5.496840058,0.000265694,21773.376423385,4.695152906
1780837965.515523672,0,child_like,6.000000000,0.000000000,0.401636660,-0.000000000,-0.000000000,5.496919482,0.000493077,11732.863810380,4.695189120
1780837965.565658808,0,child_like,6.000000000,0.000000000,0.401636660,-0.000000000,-0.000000000,5.496968348,0.000493077,11733.169933120,4.695237989
1780837965.615441322,0,child_like,6.000000000,0.000000000,0.401636660,-0.000000000,-0.000000000,5.496956409,0.000493077,11733.330922896,4.695226051
1780837965.665619850,0,child_like,6.000000000,0.000000000,0.401636660,-0.000000000,-0.000000000,5.496916766,0.000631760,9157.668137585,4.695160055
1780837965.715753555,0,child_like,6.000000000,0.000000000,0.401636660,-0.000000000,-0.000000000,5.496930314,0.000594162,9737.377173002,4.695180751
1780837965.765625954,0,child_like,6.000000000,0.000000000,0.401636660,-0.000000000,-0.000000000,5.496905589,0.000594162,9737.544841053,4.695156028
1780837965.815360546,0,child_like,6.000000000,0.000000000,0.401636660,-0.000000000,-0.000000000,5.496764391,0.000594162,9737.486569875,4.695014832
1780837965.865314007,0,child_like,6.000000000,0.000000000,0.401636660,-0.000000000,-0.000000000,5.496738983,0.000510572,11331.814885248,4.695005308
1780837965.915424824,0,child_like,6.000000000,0.000000000,0.401636660,-0.000000000,-0.000000000,5.496676163,0.000510572,11331.883818778,4.694942490
1780837965.965301275,0,child_like,6.000000000,0.000000000,0.401636660,-0.000000000,-0.000000000,5.496707029,0.000286320,20207.833415505,4.695015967
1780837966.015395403,0,child_like,6.000000000,0.000000000,0.401636660,-0.000000000,-0.000000000,5.496588218,0.000286320,20207.567679770,4.694897156
1780837966.065769434,0,child_like,6.000000000,0.000000000,0.401636660,-0.000000000,-0.000000000,5.496503166,0.000213034,27159.436741019,4.694826030
