t,mpc_status,cmd_v,cmd_w,obs_count,beta_count,used_fallback,slack,solve_time_ms
1780837943.509150505,success,1.222878060,-0.733331881,1,1,0,0.000000000,30.824143000
1780837943.604011536,success,1.139856825,-0.612880614,1,1,0,0.000000000,25.796600000
1780837943.705173492,success,1.004866683,-0.438265765,1,1,0,0.000000000,26.979122000
1780837943.806273222,success,1.141354142,-0.299438972,1,1,0,0.000000000,27.973059000
1780837943.904420137,success,1.014072043,-0.198075804,1,1,0,0.000000000,26.130414000
1780837944.001736164,success,1.135603784,-0.061568154,1,1,0,0.000000000,23.525956000
1780837944.106072187,success,1.196597177,0.367424473,1,1,0,0.000000000,27.727343000
1780837944.207956076,success,1.058251900,0.326101790,1,1,0,0.000000000,29.653759000
1780837944.302869320,success,1.201144283,0.263100395,1,1,0,0.000000000,24.553366000
1780837944.404005289,success,1.066195352,0.182292046,1,1,0,0.000000000,25.723841000
1780837944.503894091,success,1.192871204,0.109838874,1,1,0,0.000000000,25.503339000
1780837944.605827332,success,1.313686265,-0.080746885,1,1,0,0.000000000,27.583614000
1780837944.701929331,success,1.163215525,-0.087544093,1,1,0,0.000000000,23.678302000
1780837944.801675081,success,1.298443111,-0.113939605,1,1,0,0.000000000,23.374158000
1780837944.903978586,success,1.150085127,-0.086993384,1,1,0,0.000000000,25.678545000
1780837944.998706579,success,1.271826415,-0.110249826,1,1,0,0.000000000,20.440012000
1780837945.108375311,success,1.220887672,0.061778647,1,1,0,0.000000000,30.052945000
1780837945.202943325,success,1.073129713,0.070010877,1,1,0,0.000000000,24.595451000
1780837945.306424141,success,1.218843975,0.045011960,1,1,0,0.000000000,28.086991000
1780837945.407683849,success,1.080985493,0.029552710,1,1,0,0.000000000,29.424709000
1780837945.502052546,success,1.295427413,-0.056507003,1,1,0,0.000000000,23.932385000
1780837945.607058287,success,1.151781628,-0.051680019,1,1,0,0.000000000,28.987421000
1780837945.702947617,success,1.289729417,-0.083886844,1,1,0,0.000000000,24.760502000
1780837945.808333158,success,1.142670115,-0.065410167,1,1,0,0.000000000,30.164406000
1780837945.906915665,success,1.266498804,-0.096931034,1,1,0,0.000000000,28.723110000
1780837946.002943516,success,1.204815111,0.004118701,1,1,0,0.000000000,24.633237000
1780837946.103752136,success,1.340897028,-0.030080307,1,1,0,0.000000000,25.465832000
1780837946.204100847,success,1.188034452,-0.027084622,1,1,0,0.000000000,25.849675000
1780837946.300417662,success,1.038932293,-0.022180070,1,1,0,0.000000000,22.216786000
1780837946.407667875,success,1.259566720,-0.258433203,1,1,0,0.000000000,29.423920000
1780837946.506906986,success,1.120843862,-0.218019629,1,1,0,0.000000000,28.735274000
1780837946.608226776,success,1.266054498,-0.197902935,1,1,0,0.000000000,30.034959000
1780837946.702978373,success,1.122873442,-0.141089521,1,1,0,0.000000000,24.723975000
1780837946.810346127,success,1.290647834,-0.017154693,1,1,0,0.000000000,32.087672000
1780837946.909693956,success,1.144913481,-0.002738391,1,1,0,0.000000000,31.436637000
1780837947.009766817,success,1.283377722,-0.058308141,1,1,0,0.000000000,31.380457000
1780837947.108844757,success,1.136577690,-0.058609768,1,1,0,0.000000000,30.542213000
1780837947.203607559,success,1.261274827,-0.120851302,1,1,0,0.000000000,25.355242000
1780837947.303347588,success,1.115896874,-0.095043265,1,1,0,0.000000000,25.084140000
1780837947.404217243,success,1.255157878,-0.178457773,1,1,0,0.000000000,25.963718000
1780837947.502770662,success,1.110650152,-0.097931044,1,1,0,0.000000000,24.331919000
1780837947.608193636,success,1.252555830,-0.132127582,1,1,0,0.000000000,29.947025000
1780837947.704730988,success,1.106046542,0.047665861,1,1,0,0.000000000,26.457277000
1780837947.805255651,success,1.201395979,0.028768048,1,1,0,0.000000000,26.939892000
1780837947.905079365,success,1.142574791,0.384395361,1,1,0,0.000000000,26.769000000
1780837948.006169081,success,1.261622396,0.650124505,1,1,0,0.000000000,27.867784000
1780837948.102989435,success,1.118896259,0.535343311,1,1,0,0.000000000,24.628120000
1780837948.206129313,success,0.980291089,0.398496342,1,1,0,0.000000000,27.916663000
1780837948.301898956,success,1.103997146,0.511245722,1,1,0,0.000000000,23.564083000
1780837948.407236099,success,1.281627551,0.693611645,1,1,0,0.000000000,28.940301000
1780837948.503517151,success,1.142155814,0.522935627,1,1,0,0.000000000,25.311150000
1780837948.604113579,success,1.279922953,0.457461156,1,1,0,0.000000000,25.878011000
1780837948.699821711,success,1.136374895,0.318593831,1,1,0,0.000000000,21.663855000
1780837948.808927774,success,1.263018263,0.267459117,1,1,0,0.000000000,30.731785000
1780837948.904016256,success,1.119701444,0.183385120,1,1,0,0.000000000,25.707176000
1780837949.002830744,success,1.253622754,-0.090487478,1,1,0,0.000000000,24.516755000
1780837949.098311663,success,1.110797834,-0.103362800,1,1,0,0.000000000,20.047672000
1780837949.202213287,success,1.254452509,-0.084017031,1,1,0,0.000000000,23.908947000
1780837949.305621386,success,1.112166401,-0.057040782,1,1,0,0.000000000,27.360144000
1780837949.401754379,success,1.285425500,0.012665539,1,1,0,0.000000000,23.476048000
1780837949.502414465,success,1.140557228,0.019291912,1,1,0,0.000000000,24.142120000
1780837949.601077795,success,1.277165736,0.029189419,1,1,0,0.000000000,22.785118000
1780837949.705953121,success,1.131523020,0.022283548,1,1,0,0.000000000,27.750694000
1780837949.800174236,success,1.253321739,0.034741537,1,1,0,0.000000000,21.890020000
1780837949.903879642,success,1.107266020,0.026925978,1,1,0,0.000000000,25.617212000
1780837950.008349895,success,1.254631088,-0.026112216,1,1,0,0.000000000,30.093765000
1780837950.102658510,success,1.112516735,-0.026686580,1,1,0,0.000000000,24.434594000
1780837950.206520319,success,1.250971107,-0.007741390,1,1,0,0.000000000,28.271457000
1780837950.304655790,success,1.108645617,-0.002738792,1,1,0,0.000000000,26.460887000
1780837950.402865171,success,1.231239235,0.021198254,1,1,0,0.000000000,24.576985000
1780837950.502331495,success,1.090586361,0.020148975,1,1,0,0.000000000,24.107302000
1780837950.603297234,success,1.221689474,0.044929584,1,1,0,0.000000000,24.947319000
1780837950.704070568,success,1.082324314,0.037287438,1,1,0,0.000000000,25.753419000
1780837950.810980320,success,1.221566611,0.071605180,1,1,0,0.000000000,32.657724000
1780837950.906246424,success,1.082998185,0.059420079,1,1,0,0.000000000,27.936075000
1780837951.002825975,success,1.257216615,0.025880083,1,1,0,0.000000000,24.635841000
1780837951.100443363,success,1.115654131,0.015897480,1,1,0,0.000000000,22.313967000
1780837951.201512337,success,1.245098692,0.054469817,1,1,0,0.000000000,23.222300000
1780837951.302772760,success,1.103161782,0.046803616,1,1,0,0.000000000,24.603274000
1780837951.404685736,success,0.965394504,0.037005095,1,1,0,0.000000000,26.496064000
1780837951.505065918,success,1.123580060,0.002981837,1,1,0,0.000000000,26.773462000
1780837951.607010603,success,0.997467568,-0.000146023,1,1,0,0.000000000,28.808042000
1780837951.700526476,success,1.114786822,0.040867362,1,1,0,0.000000000,22.259127000
1780837951.803537607,success,0.985070055,0.035640653,1,1,0,0.000000000,25.370228000
1780837951.900240660,success,1.148083300,0.001712233,1,1,0,0.000000000,21.958324000
1780837952.004613400,success,1.015370188,0.000680966,1,1,0,0.000000000,26.345695000
1780837952.101448298,success,1.121972441,0.040670179,1,1,0,0.000000000,23.320573000
1780837952.199424744,success,0.993572342,0.038722549,1,1,0,0.000000000,21.228121000
1780837952.304541349,success,0.872325725,0.033450886,1,1,0,0.000000000,26.272174000
1780837952.401371956,success,0.965695714,0.071333256,1,1,0,0.000000000,23.080828000
1780837952.505082846,success,1.003407827,-0.030708085,1,1,0,0.000000000,26.869223000
1780837952.601057053,success,0.885745919,-0.033696247,1,1,0,0.000000000,22.863278000
1780837952.703927755,success,0.963273505,-0.001403365,1,1,0,0.000000000,25.667537000
1780837952.799121857,success,0.852340215,0.007359625,1,1,0,0.000000000,20.922444000
1780837952.901962519,success,0.748225883,0.012050178,1,1,0,0.000000000,23.799954000
1780837953.001922369,success,0.798893218,0.041155816,1,1,0,0.000000000,23.730056000
1780837953.103528500,success,0.706291173,0.043197997,1,1,0,0.000000000,25.269428000
1780837953.206069708,success,0.617896949,0.041365260,1,1,0,0.000000000,27.842974000
1780837953.300784111,success,0.675839037,0.057017938,1,1,0,0.000000000,22.520590000
1780837953.405761480,success,0.596942405,0.053770588,1,1,0,0.000000000,27.511641000
1780837953.500819921,success,0.521940327,0.049461854,1,1,0,0.000000000,22.552236000
1780837953.600934505,success,0.458053197,0.045740738,1,1,0,0.000000000,22.677716000
1780837953.702000618,success,0.476479003,0.045061589,1,1,0,0.000000000,23.831786000
1780837953.803386450,success,0.420858538,0.043098556,1,1,0,0.000000000,25.139703000
1780837953.900295019,success,0.368007279,0.040605827,1,1,0,0.000000000,22.063270000
1780837954.003440142,success,0.322999234,0.037831704,1,1,0,0.000000000,25.221713000
1780837954.104336023,success,0.282445178,0.035062166,1,1,0,0.000000000,26.169685000
1780837954.201989651,success,0.246951480,0.031699615,1,1,0,0.000000000,23.736322000
1780837954.301019907,success,0.215658392,0.029857312,1,1,0,0.000000000,22.814398000
1780837954.401109219,success,0.188276501,0.026969334,1,1,0,0.000000000,22.927281000
1780837954.503183126,success,0.164737727,0.018914734,1,1,0,0.000000000,25.028521000
1780837954.606107950,success,0.143683505,0.016335560,1,1,0,0.000000000,27.908806000
1780837954.704964638,success,0.125749453,0.014484177,1,1,0,0.000000000,26.807605000
1780837954.804677963,success,0.110051375,0.012328673,1,1,0,0.000000000,26.404809000
1780837954.902263403,success,0.096130705,0.009733990,1,1,0,0.000000000,24.048699000
1780837955.005214214,success,0.083855747,0.008078201,1,1,0,0.000000000,27.015507000
1780837955.101304531,success,0.073352538,0.006942634,1,1,0,0.000000000,23.118077000
1780837955.205545902,success,0.064370289,0.006163370,1,1,0,0.000000000,27.388254000
1780837955.301017761,success,0.056276803,0.005002134,1,1,0,0.000000000,22.838883000
1780837955.404881001,success,0.049281443,0.004545521,1,1,0,0.000000000,26.693341000
1780837955.505716562,success,0.043019809,0.004197578,1,1,0,0.000000000,27.493673000
1780837955.602421284,success,0.037522597,0.003556654,1,1,0,0.000000000,24.233899000
1780837955.702675819,success,0.032709659,0.003506716,1,1,0,0.000000000,24.466506000
1780837955.804096460,success,0.028371174,0.003092581,1,1,0,0.000000000,25.906001000
1780837955.904128313,success,0.024805690,0.002961158,1,1,0,0.000000000,25.955817000
1780837956.004745483,success,0.021773284,0.002699659,1,1,0,0.000000000,26.607442000
1780837956.101316929,success,0.019009789,0.002466183,1,1,0,0.000000000,23.023516000
1780837956.201445818,success,0.016785553,0.002313159,1,1,0,0.000000000,23.254821000
1780837956.304884434,success,0.014754714,0.002182903,1,1,0,0.000000000,26.637303000
1780837956.401904106,success,0.012948769,0.001913830,1,1,0,0.000000000,23.635854000
1780837956.501671791,success,0.011324243,0.001768460,1,1,0,0.000000000,23.404687000
1780837956.602194786,success,0.009909957,0.001642013,1,1,0,0.000000000,23.936115000
1780837956.703170538,success,0.008642477,0.001621445,1,1,0,0.000000000,24.994084000
1780837956.803137779,success,0.007207027,0.001541373,1,1,0,0.000000000,24.995995000
1780837956.901290178,success,0.005915156,0.001485923,1,1,0,0.000000000,23.094819000
1780837957.004006386,success,0.005069123,0.001383180,1,1,0,0.000000000,25.772668000
1780837957.098138094,success,0.004370922,0.001296769,1,1,0,0.000000000,20.010011000
1780837957.201043606,success,0.003857273,0.001176864,1,1,0,0.000000000,22.840540000
1780837957.302227259,success,0.003341809,0.001019470,1,1,0,0.000000000,24.142162000
1780837957.405642033,success,0.002819887,0.001092900,1,1,0,0.000000000,27.459092000
1780837957.504295826,success,0.002190365,0.001113718,1,1,0,0.000000000,26.116932000
1780837957.598644257,success,0.001788878,0.001041825,1,1,0,0.000000000,20.422159000
1780837957.701568365,success,0.001835377,0.001086230,1,1,0,0.000000000,23.424444000
1780837957.804404020,success,0.001442861,0.001038303,1,1,0,0.000000000,26.215741000
1780837957.908041000,success,0.001166290,0.000881481,1,1,0,0.000000000,29.830414000
1780837958.005043268,success,0.001141999,0.000844236,1,1,0,0.000000000,26.897905000
1780837958.104147434,success,0.001000316,0.000838360,1,1,0,0.000000000,25.833205000
1780837958.203115940,success,0.000653596,0.000727847,1,1,0,0.000000000,24.840546000
1780837958.305880308,success,0.000351467,0.000813631,1,1,0,0.000000000,27.655382000
1780837958.396384716,success,0.000358004,0.000788931,1,1,0,0.000000000,18.096445000
1780837958.500603676,success,0.000420892,0.000751602,1,1,0,0.000000000,22.324126000
1780837958.600752592,success,0.000244047,0.000708020,1,1,0,0.000000000,22.575770000
1780837958.702298403,success,0.000299014,0.000709009,1,1,0,0.000000000,24.026100000
1780837958.802165270,success,0.000149469,0.000741939,1,1,0,0.000000000,23.883940000
1780837958.903332472,success,0.000183452,0.000731603,1,1,0,0.000000000,25.128205000
1780837959.011083603,success,0.000198558,0.000740570,1,1,0,0.000000000,32.811277000
1780837959.099848986,success,0.000149966,0.000643276,1,1,0,0.000000000,21.537938000
1780837959.204615355,success,0.000246220,0.000679833,1,1,0,0.000000000,26.399329000
1780837959.304415941,success,0.000177316,0.000616135,1,1,0,0.000000000,26.204186000
1780837959.402304888,success,0.000036899,0.000644711,1,1,0,0.000000000,24.029523000
1780837959.502370358,success,-0.000101204,0.000626417,1,1,0,0.000000000,24.049522000
1780837959.600780010,success,-0.000260365,0.000702306,1,1,0,0.000000000,22.599117000
1780837959.702413559,success,-0.000177224,0.000761523,1,1,0,0.000000000,24.229473000
1780837959.797449112,success,-0.000443541,0.000695828,1,1,0,0.000000000,19.170105000
1780837959.903679609,success,-0.000517906,0.000667849,1,1,0,0.000000000,25.374633000
1780837960.002109051,success,-0.000424357,0.000626884,1,1,0,0.000000000,23.805962000
1780837960.101463079,success,-0.000134855,0.000737000,1,1,0,0.000000000,23.202414000
1780837960.201023102,success,-0.000249187,0.000669903,1,1,0,0.000000000,22.823687000
1780837960.302256823,success,-0.000221465,0.000641396,1,1,0,0.000000000,24.038058000
1780837960.393430948,success,-0.000529163,0.000548457,1,1,0,0.000000000,15.174093000
1780837960.493129015,success,-0.000454442,0.000535838,1,1,0,0.000000000,15.010116000
1780837960.593375206,success,-0.000498157,0.000565230,1,1,0,0.000000000,15.105237000
1780837960.702294111,success,-0.000240467,0.000544044,1,1,0,0.000000000,24.008354000
1780837960.803465128,success,-0.000082557,0.000646591,1,1,0,0.000000000,25.201683000
1780837960.894140720,success,0.000073681,0.000598538,1,1,0,0.000000000,15.954074000
1780837961.002024889,success,0.000344544,0.000690049,1,1,0,0.000000000,23.837304000
1780837961.099658012,success,0.000433809,0.000710947,1,1,0,0.000000000,21.375668000
1780837961.201093197,success,0.000277825,0.000843255,1,1,0,0.000000000,22.796378000
1780837961.302595615,success,0.000401840,0.000942201,1,1,0,0.000000000,24.311465000
1780837961.401980639,success,0.000420064,0.000895639,1,1,0,0.000000000,23.707521000
1780837961.492803574,success,0.000485355,0.000848045,1,1,0,0.000000000,14.642895000
1780837961.594881535,success,0.000626746,0.000799753,1,1,0,0.000000000,16.777856000
1780837961.697491646,success,0.000474307,0.000783573,1,1,0,0.000000000,19.231864000
1780837961.803165436,success,0.000424947,0.000829792,1,1,0,0.000000000,24.971322000
1780837961.900340796,success,0.000577620,0.000805096,1,1,0,0.000000000,22.025320000
1780837962.002844334,success,0.000318795,0.000687838,1,1,0,0.000000000,24.610171000
1780837962.104169369,success,0.000092880,0.000759600,1,1,0,0.000000000,25.970967000
1780837962.202058554,success,0.000263539,0.000657875,1,1,0,0.000000000,23.785864000
1780837962.306342840,success,0.000008909,0.000673330,1,1,0,0.000000000,28.053430000
1780837962.404930592,success,0.000065821,0.000765062,1,1,0,0.000000000,26.716035000
1780837962.507313013,success,-0.000003994,0.000769863,1,1,0,0.000000000,29.132437000
1780837962.604660749,success,0.000149166,0.000787780,1,1,0,0.000000000,26.550629000
1780837962.703289509,success,0.000162903,0.000813342,1,1,0,0.000000000,25.148570000
1780837962.805540562,success,-0.000022765,0.000759721,1,1,0,0.000000000,27.424660000
1780837962.905463219,success,-0.000116254,0.000698359,1,1,0,0.000000000,27.327315000
1780837963.004836082,success,-0.000246391,0.000723438,1,1,0,0.000000000,26.680288000
1780837963.101748466,success,-0.000427223,0.000612250,1,1,0,0.000000000,23.561301000
1780837963.200448036,success,-0.000627654,0.000519762,1,1,0,0.000000000,22.339486000
1780837963.297272205,success,-0.000657432,0.000413861,1,1,0,0.000000000,19.105947000
1780837963.403736353,success,-0.000883341,0.000548342,1,1,0,0.000000000,25.578562000
1780837963.504377842,success,-0.001170648,0.000602020,1,1,0,0.000000000,26.199220000
1780837963.600740194,success,-0.000857306,0.000712973,1,1,0,0.000000000,22.600357000
1780837963.701902628,success,-0.000787572,0.000702253,1,1,0,0.000000000,23.761465000
1780837963.804512739,success,-0.001137645,0.000681643,1,1,0,0.000000000,26.296756000
1780837963.906995296,success,-0.001105620,0.000680467,1,1,0,0.000000000,28.824232000
1780837964.002020836,success,-0.000703027,0.000734941,1,1,0,0.000000000,23.875435000
1780837964.101538658,success,-0.000522496,0.000877452,1,1,0,0.000000000,23.386745000
1780837964.201728344,success,-0.000422322,0.000801388,1,1,0,0.000000000,23.538995000
1780837964.301657915,success,-0.000282162,0.000870727,1,1,0,0.000000000,23.488702000
1780837964.401671648,success,-0.000230322,0.000972990,1,1,0,0.000000000,23.490219000
1780837964.504437685,success,-0.000363459,0.000994070,1,1,0,0.000000000,26.276574000
1780837964.603318214,success,-0.000482620,0.001026881,1,1,0,0.000000000,25.153494000
1780837964.700362206,success,-0.000609137,0.001039573,1,1,0,0.000000000,22.259655000
1780837964.798799038,success,-0.000444750,0.000921372,1,1,0,0.000000000,20.616381000
1780837964.901372671,success,-0.000229751,0.000870210,1,1,0,0.000000000,23.149627000
1780837965.004564047,success,-0.000276910,0.000940435,1,1,0,0.000000000,26.409597000
1780837965.101697445,success,-0.000391416,0.000858647,1,1,0,0.000000000,23.578371000
1780837965.207149506,success,-0.000016184,0.000898227,1,1,0,0.000000000,28.954634000
1780837965.301614761,success,-0.000137328,0.000946242,1,1,0,0.000000000,23.501764000
1780837965.401843309,success,-0.000265694,0.000841174,1,1,0,0.000000000,23.718285000
1780837965.498490810,success,-0.000493077,0.000888184,1,1,0,0.000000000,20.305277000
1780837965.602778435,success,-0.000631760,0.000910215,1,1,0,0.000000000,24.598908000
1780837965.698635101,success,-0.000594162,0.000876876,1,1,0,0.000000000,20.420292000
1780837965.804495573,success,-0.000510572,0.000971196,1,1,0,0.000000000,26.337660000
1780837965.901210308,success,-0.000286320,0.001002818,1,1,0,0.000000000,23.036623000
1780837966.005808115,success,-0.000213034,0.001050436,1,1,0,0.000000000,27.689949000
1780837966.100369215,success,0.000025903,0.001040996,1,1,0,0.000000000,22.176872000
